model_number,original_model_number,grasp_set,original_model_tags,model_maker,model_text,model_source,model_description,barcode_text,acquisition_method,concave_filled,rotationally_symetric,inner_concavity,recognition_id
18633,9272,,"reusable_bottle,als_object",Stanford,sports water bottle,Household,"white plastic",NaN,3dsom,FALSE,TRUE,FALSE,
18635,9274,,"glass",IKEA,000.919.29,IKEA,"DIOD red glass 8oz",NaN,3dsom,TRUE,TRUE,TRUE,
18637,9276,,"bowl",IKEA,001.324.25,IKEA,"Bowl, 365+ DROM, 11cm",NaN,3dsom,TRUE,TRUE,TRUE,
18638,9277,,"mug",IKEA,001.324.49,IKEA,"Mug, 365+ beige, 10 oz.",NaN,3dsom,TRUE,FALSE,TRUE,
18640,9279,,"bowl",IKEA,001.334.82,IKEA,"Bowl, 365+, dark grey, 13cm dia.",NaN,3dsom,TRUE,TRUE,TRUE,
18641,9280,,"glass",IKEA,100.151.24,IKEA,"glass, SVALKA, 6 pack, 7oz",NaN,3dsom,TRUE,TRUE,TRUE,
18642,9281,,"glass",IKEA,100.302.09,IKEA,"glass, RATTVIK, snaps/liqueur, 2oz",NaN,3dsom,TRUE,TRUE,TRUE,
18644,9283,,"saucer",IKEA,100.919.00-saucer,IKEA,"saucer, black, 18cm dia.",NaN,3dsom,TRUE,TRUE,TRUE,
18645,9284,,"cup",IKEA,100.919.00-cup,IKEA,"cup, black, 17oz",NaN,3dsom,TRUE,FALSE,TRUE,
18646,9285,,"mug",IKEA,100.922.16,IKEA,"Beer mug, MJOD, 20oz",NaN,3dsom,TRUE,FALSE,TRUE,
18647,9286,,"saucer",IKEA,101.236.56-saucer,IKEA,"saucer, teacup, CHARMOR, 15cm sq.",NaN,3dsom,TRUE,TRUE,TRUE,
18648,9287,,"cup",IKEA,101.236.56-cup,IKEA,"teacup, CHARMOR, white, 9oz",NaN,3dsom,TRUE,FALSE,TRUE,
18649,9288,,"mug",IKEA,101.328.92,IKEA,"mug, blue, LJUVLIG, 7oz",NaN,3dsom,TRUE,FALSE,TRUE,
18650,9289,,"bowl",IKEA,200.572.55,IKEA,"Serving bowl, BLANDA BLANK, metal, 20cm dia.",NaN,3dsom,TRUE,TRUE,TRUE,
18652,9291,,"mug",IKEA,200.847.15,IKEA,"mug, 365+, white, 10oz",NaN,3dsom,TRUE,FALSE,TRUE,
18654,9293,,"tumbler",IKEA,300.834.71,IKEA,"Tumbler, white, POKAL, 17oz",NaN,3dsom,TRUE,TRUE,TRUE,
18655,9294,,"glass",IKEA,200.921.07,IKEA,"glass, GODIS, 6 pack, clear, 14oz",NaN,3dsom,TRUE,TRUE,TRUE,
18656,9295,,"glass",IKEA,201.327.78,IKEA,"glass, cocktail, PRALIN, blue",NaN,3dsom,TRUE,TRUE,TRUE,
18657,9296,,"glass",IKEA,301.290.30,IKEA,"glass, UTSOKT, clear with grid pattern, 17oz",NaN,3dsom,TRUE,TRUE,TRUE,
18658,9297,,"mug",IKEA,201.323.68,IKEA,"mug, 365+ DROM, white with texture, 10oz",NaN,3dsom,TRUE,FALSE,TRUE,
18659,9298,,"mug",IKEA,201.324.48,IKEA,"mug, 365+, dark grey, 10oz",NaN,3dsom,TRUE,FALSE,TRUE,
18660,9299,,"saucer",IKEA,201.416.26saucer,IKEA,"saucer, espresso cup, white, EPISTEL, 3.4oz",NaN,3dsom,TRUE,FALSE,TRUE,
18661,9300,,"cup",IKEA,201.416.26cup,IKEA,"cup, espresso, white, EPISTEL, 3.4oz",NaN,3dsom,TRUE,FALSE,TRUE,
18662,9301,,"glass",IKEA,300.151.23,IKEA,"wine glass, SVALKA, 6 pack, clear, 10oz",NaN,3dsom,TRUE,TRUE,TRUE,
18663,9302,,"saucer",IKEA,300.631.28saucer,IKEA,"saucer, espress cup, stainless steel",NaN,3dsom,TRUE,TRUE,TRUE,
18664,9303,,"cup",IKEA,300.63.28cup,IKEA,"cup, espresso, stainless steel",NaN,3dsom,TRUE,FALSE,TRUE,
18665,9306,COMBINED_MODEL_SET,REDUCED_MODEL_SET,SIM_MODEL_SET,TRAINING_AND_TEST_SET,TRAINING_SET,"glass",IKEA,000.580.67,IKEA,"glass, wine, RARA, clear, 8oz",NaN,orthographic,FALSE,TRUE,TRUE,
18666,9307,,"glass",IKEA,000.921.13,IKEA,"glass, clear, SKIR, 17oz",NaN,orthographic,FALSE,TRUE,TRUE,
18667,9308,COMBINED_MODEL_SET,SIM_MODEL_SET,TRAINING_AND_TEST_SET,TRAINING_SET,"tumbler",IKEA,001.172.98,IKEA,"tumbler, beige, ALMHULT, 7oz",NaN,orthographic,FALSE,TRUE,TRUE,
18668,9309,COMBINED_MODEL_SET,SIM_MODEL_SET,TEST_SET,TRAINING_AND_TEST_SET,"glass",IKEA,001.327.79,IKEA,"glass, green, PRALIN",NaN,orthographic,FALSE,TRUE,TRUE,
18669,9310,,"bowl",IKEA,100.572.51,IKEA,"bowl, glass, clear, BLANDA, 12cm dia.",NaN,orthographic,FALSE,TRUE,TRUE,
18670,9311,,"glass",IKEA,200.580.66,IKEA,"glass, clear, RARA, 5oz",NaN,orthographic,FALSE,TRUE,TRUE,
18671,9312,COMBINED_MODEL_SET,SIM_MODEL_SET,TRAINING_AND_TEST_SET,TRAINING_SET,"glass",IKEA,200.919.28,IKEA,"glass, white, DIOD, 8oz",NaN,orthographic,FALSE,TRUE,TRUE,
18672,9313,,"glass",IKEA,210.327.78,IKEA,"glass, cocktail, PRALIN, blue",NaN,orthographic,FALSE,TRUE,TRUE,
18673,9314,COMBINED_MODEL_SET,SIM_MODEL_SET,TRAINING_AND_TEST_SET,TRAINING_SET,"bowl",IKEA,300.814.67,IKEA,"bowl, metal, BLANDA BLANK, 12cm dia.",NaN,orthographic,FALSE,TRUE,TRUE,
18674,9315,,"glass",IKEA,300.919.23,IKEA,"glass, wine, OPTIMAL, 15oz",NaN,orthographic,FALSE,TRUE,TRUE,
18675,9316,,"bowl",IKEA,301.334.90,IKEA,"bowl",NaN,orthographic,FALSE,TRUE,TRUE,
18676,9317,COMBINED_MODEL_SET,SIM_MODEL_SET,TEST_SET,TRAINING_AND_TEST_SET,"glass",IKEA,400.580.65,IKEA,"glass, clear, RARA, 10oz",NaN,orthographic,FALSE,TRUE,TRUE,
18677,9318,,"glass",IKEA,401.376.90,IKEA,"glass, clear, HAJDEBY",NaN,orthographic,FALSE,TRUE,TRUE,
18678,9319,COMBINED_MODEL_SET,SIM_MODEL_SET,TRAINING_AND_TEST_SET,TRAINING_SET,"glass",IKEA,401.431.44,IKEA,"glass, clear, champagne",NaN,orthographic,FALSE,TRUE,TRUE,
18679,9320,COMBINED_MODEL_SET,SIM_MODEL_SET,TEST_SET,TRAINING_AND_TEST_SET,"glass",IKEA,463.156.00,IKEA,"glass, clear, brandy, OPTIMAL, 25oz",NaN,orthographic,FALSE,TRUE,TRUE,
18680,9321,,"glass",IKEA,500.151.22,IKEA,"glass, champagne, SVALKA, 6 pack, 5oz",NaN,orthographic,FALSE,TRUE,TRUE,
18681,9322,,"glass",IKEA,500.302.12,IKEA,"glass, wine, RATTVIK",NaN,orthographic,FALSE,TRUE,TRUE,
18682,9323,,"glass",IKEA,500.312.83,IKEA,"glass, clear, RATTVIK, 12oz",NaN,orthographic,FALSE,TRUE,TRUE,
18683,9325,,"glass",IKEA,500.919.41,IKEA,"glass, clear, dessert wine, RARA, 2oz",NaN,orthographic,FALSE,TRUE,TRUE,
18684,9326,COMBINED_MODEL_SET,DEBUG_MODEL_SET,SIM_MODEL_SET,TRAINING_AND_TEST_SET,TRAINING_SET,"glass",IKEA,501.161.83,IKEA,"glass, clear, wine, 365+ IVRIG, 15oz",NaN,orthographic,FALSE,TRUE,TRUE,
18685,9327,COMBINED_MODEL_SET,MEHMET_MODEL_SET,REDUCED_MODEL_SET,SCHUNK_MODEL_SET,SIM_MODEL_SET,TEST_SET,TRAINING_AND_TEST_SET,"cup",IKEA,501.245.12,IKEA,"cup, plastic, multiple colors, GROSSBY",NaN,orthographic,FALSE,TRUE,TRUE,
18686,9328,,"glass",IKEA,501.330.69,IKEA,"glass, wine, 365+ IVRIG, 16oz",NaN,orthographic,FALSE,TRUE,TRUE,
18687,9329,,"bowl",IKEA,601.349.35,IKEA,"bowl, white, 365+, 16cm dia.",NaN,orthographic,FALSE,TRUE,TRUE,
18688,9330,,"glass",IKEA,700.302.11,IKEA,"glass, clear, wine, RATTVIK, 8oz",NaN,orthographic,FALSE,TRUE,TRUE,
18689,9331,COMBINED_MODEL_SET,SIM_MODEL_SET,TEST_SET,TRAINING_AND_TEST_SET,"glass",IKEA,701.330.68,IKEA,"glass, clear, wine, 365+, IVRIG, 9oz",NaN,orthographic,FALSE,TRUE,TRUE,
18690,9332,,"glass",IKEA,763.305.00,IKEA,"glass, clear, cocktail, OPTIMAL, 8oz",NaN,orthographic,FALSE,TRUE,TRUE,
18691,9333,COMBINED_MODEL_SET,REDUCED_MODEL_SET,SIM_MODEL_SET,TEST_SET,TRAINING_AND_TEST_SET,"bowl",IKEA,800.572.57,IKEA,"bowl, serving, wood, BLANDA MATT, 12cm dia.",NaN,orthographic,FALSE,TRUE,TRUE,
18692,9334,,"glass",IKEA,800.919.49,IKEA,"glass, clear, cocktail, SODA, 5oz",NaN,orthographic,FALSE,TRUE,TRUE,
18693,9335,COMBINED_MODEL_SET,REDUCED_MODEL_SET,SCHUNK_MODEL_SET,SIM_MODEL_SET,TRAINING_AND_TEST_SET,TRAINING_SET,"glass",IKEA,801.327.80,IKEA,"glass, clear purple, wine, PRALIN",NaN,orthographic,FALSE,TRUE,TRUE,
18694,9336,COMBINED_MODEL_SET,SIM_MODEL_SET,TRAINING_AND_TEST_SET,TRAINING_SET,"bowl,als_object",IKEA,801.334.78,IKEA,"bowl, beige, 365+, 13cm dia.",NaN,orthographic,FALSE,TRUE,TRUE,
18695,9337,,"glass",IKEA,801.348.21,IKEA,"glass, plastic, clear, 4 pack, VAKEN, 17oz",NaN,orthographic,FALSE,TRUE,TRUE,
18696,9338,COMBINED_MODEL_SET,SIM_MODEL_SET,TEST_SET,TRAINING_AND_TEST_SET,"bowl",IKEA,801.463.53,IKEA,"bowl, plastic, multiple colors, IDBYN",NaN,orthographic,FALSE,TRUE,TRUE,
18697,9339,COMBINED_MODEL_SET,SIM_MODEL_SET,TEST_SET,TRAINING_AND_TEST_SET,"glass",IKEA,901.256.99,IKEA,"glass, clear, wine, 365+ IVRIG, 10oz",NaN,orthographic,FALSE,TRUE,TRUE,
18698,9340,,"glass",IKEA,901.317.04,IKEA,"glass, clear, 6 pack, VANLIG, 7oz",NaN,orthographic,FALSE,TRUE,TRUE,
18699,9341,COMBINED_MODEL_SET,DEBUG_MODEL_SET,REDUCED_MODEL_SET,SCHUNK_MODEL_SET,SIM_MODEL_SET,TRAINING_AND_TEST_SET,TRAINING_SET,"bowl",IKEA,901.334.73,IKEA,"bowl, beige, 365+, 16cm dia.",NaN,orthographic,FALSE,TRUE,TRUE,
18700,9342,,"glass",IKEA,963.111.00,IKEA,"glass, clear, wine, OPTIMAL, 20oz",NaN,orthographic,FALSE,TRUE,TRUE,
18701,9343,,"saucer",IKEA,301.333.91saucer,IKEA,"saucer, espresso cup, yellow, TRIVSAM, 12cm dia.",NaN,3dsom,TRUE,TRUE,TRUE,
18702,9344,,"cup",IKEA,301.333.91cup,IKEA,"cup, espresso w/saucer, yellow, TRIVSAM, 4.1oz",NaN,3dsom,TRUE,FALSE,TRUE,
18703,9345,,"bowl",IKEA,401.324.52,IKEA,"bowl, white, EPISTEL, 7x5in",NaN,3dsom,TRUE,FALSE,TRUE,
18704,9346,,"cup",IKEA,401.463.45,IKEA,"cup, plastic, large, multiple colors",NaN,3dsom,TRUE,TRUE,TRUE,
18705,9347,,"glass",IKEA,501.161.78,IKEA,"glass, clear plastic, 4 pack, VAKEN, 8oz",NaN,3dsom,TRUE,TRUE,TRUE,
18706,9348,,"bowl",IKEA,600.572.58,IKEA,"bowl, serving, wood, 20cm dia. BLANDA MATT",NaN,3dsom,TRUE,TRUE,TRUE,
18707,9349,PLATE_SET,"plate",IKEA,600.632.97,IKEA,"plate, clear glass, 24.5cm dia.",NaN,3dsom,TRUE,TRUE,TRUE,
18708,9350,,"glass",IKEA,600.817.34,IKEA,"glass, clear, 6 pack, POKAL, 5oz",NaN,3dsom,TRUE,TRUE,TRUE,
18709,9351,,"funnel",IKEA,600.832.62sm,IKEA,"funnel, red, small, set of 2, 3in dia.",NaN,3dsom,TRUE,FALSE,TRUE,
18710,9352,,"funnel",IKEA,600.832.62lrg,IKEA,"funnel, large, plastic, set of 2, 5in dia. red",NaN,3dsom,TRUE,FALSE,TRUE,
18711,9353,,"glass",IKEA,601.317.05,IKEA,"glass, clear, 6 pack VANLIG, 11oz",NaN,3dsom,TRUE,TRUE,TRUE,
18712,9354,,"glass",IKEA,700.580.64,IKEA,"glass, champagne flute, clear, RARA, 7oz",NaN,3dsom,TRUE,TRUE,TRUE,
18713,9355,,"saucer",IKEA,701.323.99saucer,IKEA,"saucer, for coffee cup, white, EPISTEL, 8x6in.",NaN,3dsom,TRUE,FALSE,TRUE,
18714,9356,,"cup",IKEA,701.323.99cup,IKEA,"cup, coffee w/saucer, white, EPISTEL, 10.5",NaN,3dsom,TRUE,FALSE,TRUE,
18715,9357,,"cup",IKEA,701.333.94cup,IKEA,"cup, coffee, yellow, TRIVSAM, 13.5oz",NaN,3dsom,TRUE,FALSE,TRUE,
18716,9358,,"glass",IKEA,800.817.33,IKEA,"glass, clear, POKAL, 12oz",NaN,3dsom,TRUE,TRUE,TRUE,
18717,9359,,"glass",IKEA,800.921.09,IKEA,"glass, clear, 6 pack, GODIS, 7oz",NaN,3dsom,TRUE,TRUE,TRUE,
18718,9360,,"glass",IKEA,800.921.14,IKEA,"glass, champagne flute, clear, SKIR, 7oz",NaN,3dsom,TRUE,TRUE,TRUE,
18719,9361,,"saucer",IKEA,900.444.86saucer,IKEA,"saucer, coffee cup, white, 365+, 15cm dia.",NaN,3dsom,TRUE,TRUE,TRUE,
18720,9362,,"cup",IKEA,900.444.86cup,IKEA,"cup, coffee, white, 365+, 7oz",NaN,3dsom,TRUE,FALSE,TRUE,
18721,9363,PLATE_SET,"plate",IKEA,901.163.79,IKEA,"plate, beige, MOTTO, 24.5cm",NaN,3dsom,TRUE,TRUE,TRUE,
18722,9364,COMBINED_MODEL_SET,COMPLEX_MODEL_SET,"container,als_object",IKEA,901.125.07,IKEA,"container, plastic, sandwich, white/red, 24oz",NaN,3dsom,FALSE,FALSE,FALSE,
18723,9365,,"glass",Target,200.03.1152,Target,"glass, clear, polycarbonate, wine",9200031152,3dsom,TRUE,TRUE,TRUE,
18724,9366,,"glass",Target,200.03.1301,Target,"glass, clear, polycarbonate, wine, 8oz",9200031301,3dsom,TRUE,TRUE,TRUE,
18725,9367,,"glass",Target,200.01.3598,Target,"glass, wine, polycarbonate, translucent smoke,",9200013598,3dsom,TRUE,TRUE,TRUE,
18726,9368,,"tumbler",Target,200.01.3345,Target,"Tumbler, polycarbonate, red, large",9200013345,3dsom,TRUE,FALSE,TRUE,
18727,9369,,"tumbler",Target,200.01.3346,Target,"tumbler, polycarbonate, red, small",9200013346,3dsom,TRUE,FALSE,TRUE,
18728,9370,,"bowl",Target,200.01.3477,Target,"bowl, melamine, square, red",9200013477,3dsom,TRUE,FALSE,TRUE,
18729,9371,,"bowl",Target,200.01.0773,Target,"bowl, melamine, bird decal, square",9200010773,3dsom,TRUE,FALSE,TRUE,
18730,9372,,"bowl",Target,200.01.0169,Target,"bowl, melamine, white, 6.25in dia",8931304330,3dsom,TRUE,TRUE,TRUE,
18731,9374,,"bowl",Target,200.01.0422,Target,"bowl, melamine, orange, 6in dia",9200010422,3dsom,TRUE,TRUE,TRUE,
18732,9375,,"bowl",Target,200.01.4266,Target,"bowl, dip, melamine, white, square",9200014266,3dsom,TRUE,FALSE,TRUE,
18733,9376,,"bowl",Target,200.01.0271,Target,"bowl, melamine, orange, square, 5.75in",9200010271,3dsom,TRUE,FALSE,TRUE,
18734,9377,PLATE_SET,"plate",Target,200.01.3463,Target,"plate, salad, melamine, red, 8.5in dia",8931361801,3dsom,TRUE,TRUE,TRUE,
18735,9378,PLATE_SET,"plate",Target,200.01.0168,Target,"plate, dinner, melamine, white, 10.5in dia.",8931304310,3dsom,TRUE,TRUE,TRUE,
18736,9379,,"bowl",Target,200.01.0426-green-large,Target,"bowl, melamine, mixing bowl set(4), large",9200010426,3dsom,TRUE,FALSE,TRUE,
18737,9380,,"bowl",Target,200.01.0426-orange-med,Target,"bowl, melamine, mixing bowl set(4), orange, medium",9200010426,3dsom,TRUE,FALSE,TRUE,
18738,9381,,"bowl",Target,200.01.0426-blue-small,Target,"bowl, melamine, blue, mixing bowl set(4), small",9200010426,3dsom,TRUE,FALSE,TRUE,
18739,9382,,"bowl",Target,200.01.0426-brown-smallest,Target,"bowl, melamine, mixing bowl set(4), brown, smallest",9200010426,3dsom,TRUE,FALSE,TRUE,
18740,9383,COMBINED_MODEL_SET,COMPLEX_MODEL_SET,"drill",Black&Decker,9099KCAB,Target,"7.2v Cordless drill",8591106188,3dsom,FALSE,FALSE,FALSE,
18741,9384,COMBINED_MODEL_SET,COMPLEX_MODEL_SET,"drill",Black&Decker,GC180AW,Target,"18v cordless drill",8591118241,3dsom,FALSE,FALSE,FALSE,
18742,9385,COMBINED_MODEL_SET,COMPLEX_MODEL_SET,"drill",Durabuilt,085.06.0082,Target,"14.4v cordless drill",8454000084,3dsom,FALSE,FALSE,FALSE,
18743,9386,COMBINED_MODEL_SET,COMPLEX_MODEL_SET,"pitcher",Brita,Atlantis,Target,"Brita water pitcher w/filter, 6 cup, clear w/white top",6025842412,3dsom,FALSE,FALSE,FALSE,
18744,9387,ACTIVE_GRASPING_MODEL_SET,COMBINED_MODEL_SET,MEHMET_MODEL_SET,REDUCED_MODEL_SET,SIM_MODEL_SET,TEST_SET,TRAINING_AND_TEST_SET,"can,als_object",Coca-Cola,Coke_classic,Household,"can, coke, 12fl oz.",496340,3dsom,FALSE,TRUE,FALSE,
18745,9388,COMBINED_MODEL_SET,COMPLEX_MODEL_SET,TEST_SET,TRAINING_AND_TEST_SET,"bottle",Garnier,fructis_shampoo_bottle,Household,"bottle, shampoo, plastic, 13fl oz, green",308426012,3dsom,FALSE,FALSE,FALSE,
18746,9389,COMBINED_MODEL_SET,REDUCED_MODEL_SET,SIM_MODEL_SET,TRAINING_AND_TEST_SET,TRAINING_SET,"can",Gillette,mach3_gel,Household,"can, shaving gel, 7oz, black/green",4740014678,3dsom,FALSE,TRUE,FALSE,
18747,9390,,"bowl",Solo,solo_plastic_bowl,Household,"bowl, plastic, red, oval",4116502515,3dsom,TRUE,TRUE,TRUE,
18748,9391,,"cup",solo,solo_plastic_cup,Household,"cup, plastic, red, 18oz, 34 pack",4116508799,3dsom,TRUE,TRUE,TRUE,
18749,9392,,"bowl",Dixie,dixie_paper_bowl,Household,"bowl, paper, 10oz, 38 pack",4200014175,3dsom,TRUE,TRUE,TRUE,
18750,9393,,"bowl",Vanity Fair,VF_papaer_bowl,Household,"bowl, paper, 20oz, pack of 26",4200015689,3dsom,TRUE,TRUE,TRUE,
18751,9394,COMBINED_MODEL_SET,COMPLEX_MODEL_SET,TRAINING_AND_TEST_SET,TRAINING_SET,"bottle",Tilex,tilex_spray,Household,"bottle, spray, plastic, white, 1qt",4460001195,3dsom,FALSE,FALSE,FALSE,
18752,9395,COMBINED_MODEL_SET,COMPLEX_MODEL_SET,TRAINING_AND_TEST_SET,TRAINING_SET,"bottle",Proctor&Gamble,Pantene,Household,"bottle, plastic, shampoo, white, 25.4fl oz",8087800827,3dsom,FALSE,FALSE,FALSE,
18753,9396,,"can",S.C. Johnson,Pledge,Household,"can, aersol spray, furniture polish, brown, 12.5 oz",4650000318,3dsom,FALSE,TRUE,FALSE,
18754,9397,COMBINED_MODEL_SET,COMPLEX_MODEL_SET,"pitcher",PUR,CR-6000,Target,"pitcher, water with filter, clear, plastic, 7 cup",2398700578,3dsom,FALSE,FALSE,FALSE,
18755,9398,COMBINED_MODEL_SET,COMPLEX_MODEL_SET,TEST_SET,TRAINING_AND_TEST_SET,"bottle",RB Inc,Mop&Glo,Household,"bottle, plastic, blue, 1qt",1920005432,3dsom,FALSE,FALSE,FALSE,
18756,9399,COMBINED_MODEL_SET,COMPLEX_MODEL_SET,TRAINING_AND_TEST_SET,TRAINING_SET,"bottle",Church & Dwight Co.,Arm & Hammer,Household,"bottle, plastic, orange, Laundry Detergent, 50fl oz.",3320009990,3dsom,FALSE,FALSE,FALSE,
18757,9400,COMBINED_MODEL_SET,COMPLEX_MODEL_SET,TEST_SET,TRAINING_AND_TEST_SET,"bottle",Proctor & Gamble,Tide,Household,"bottle, plastic, red, laundry detergent, 50fl oz",3700013899,3dsom,FALSE,FALSE,FALSE,
18758,9401,COMBINED_MODEL_SET,COMPLEX_MODEL_SET,TEST_SET,TRAINING_AND_TEST_SET,"bottle",Proctor & Gamble,Downy ultra,Household,"z",3700035756,3dsom,FALSE,FALSE,FALSE,
18759,9402,COMBINED_MODEL_SET,COMPLEX_MODEL_SET,"bottle",Clorox,clorox,Household,"bottle, plastic, white, clorox bleach, 60fl oz",4460002510,3dsom,FALSE,FALSE,FALSE,
18760,9403,COMBINED_MODEL_SET,COMPLEX_MODEL_SET,TRAINING_AND_TEST_SET,TRAINING_SET,"bottle",Unilever,all,Household,"bottle, plastic, blue, laundry detergent, 50fl oz",1111129114,3dsom,FALSE,FALSE,FALSE,
18761,9404,COMBINED_MODEL_SET,COMPLEX_MODEL_SET,"pitcher",Brita,OB36/OB03,Target,"pitcher, water filter, clear, plastic, 10cup",6025842556,3dsom,FALSE,FALSE,FALSE,
18762,9406,COMBINED_MODEL_SET,COMPLEX_MODEL_SET,"bottle",cow,milk-1gal,Household,"bottle, plastic, milk, 1 gal.",62138,3dsom,FALSE,FALSE,FALSE,
18763,9407,COMBINED_MODEL_SET,COMPLEX_MODEL_SET,"bottle",Odwalla,orange_juice,Household,"bottle, plastic, Odwalla orange juice, 2qt.",1405411002,3dsom,FALSE,FALSE,FALSE,
18764,9408,COMBINED_MODEL_SET,COMPLEX_MODEL_SET,"bottle",The Sun Products Corp,All-small,Household,"bottle, plastic, blue, all laundry detergent, 20fl oz.",7261345070,3dsom,FALSE,FALSE,FALSE,
18765,9409,COMBINED_MODEL_SET,REDUCED_MODEL_SET,SIM_MODEL_SET,TRAINING_AND_TEST_SET,TRAINING_SET,"bottle",Nestle,coffee-mate,Household,"bottle, plastic, coffee creamer, 16fl oz",5000084805,3dsom,FALSE,TRUE,FALSE,
18766,9410,COMBINED_MODEL_SET,REDUCED_MODEL_SET,SIM_MODEL_SET,TEST_SET,TRAINING_AND_TEST_SET,"bottle",Unilever,suave-kids-3in1,Household,"bottle, plastic, green, shampoo body wash, 22.5fl oz",7940035188,3dsom,FALSE,TRUE,FALSE,
18767,9411,,"tub",Unilever,Country_Crock15,Household,"tub, plastic with lid, tan, margarine, 15oz",2740010307,3dsom,FALSE,TRUE,TRUE,
18768,9412,COMBINED_MODEL_SET,COMPLEX_MODEL_SET,"carton",Organics,milk-carton,Household,"carton, cardboard/paper, milk, .5 gal",7989340060,3dsom,FALSE,FALSE,FALSE,
18769,9414,COMBINED_MODEL_SET,COMPLEX_MODEL_SET,"toy",Megabrands,megabloks1x2_countour_yellow,Household,"toy, set of 80, plastic, interlocking block, yellow, 1x2 posts",6554108468,3dsom,FALSE,FALSE,FALSE,
18770,9415,COMBINED_MODEL_SET,COMPLEX_MODEL_SET,"toy",Megabrands,megabloks1x2_short_yellow,Household,"toy, set of 80, plastic, interlocking block, yellow, 1x2 posts, short",6554108468,3dsom,FALSE,FALSE,FALSE,
18771,9416,COMBINED_MODEL_SET,COMPLEX_MODEL_SET,"toy",Megabrands,megabloks1x2_tall_green,Household,"toy, set of 80, plastic, green, tall, 1x2 posts, interlocking",6554108468,3dsom,FALSE,FALSE,FALSE,
18772,9417,COMBINED_MODEL_SET,COMPLEX_MODEL_SET,"toy",Megabrands,megabloks1x3_tall_yellow,Household,"toy, set of 80, yellow, plastic, 1x3 posts, interlocking, tall",6554108468,3dsom,FALSE,FALSE,FALSE,
18773,9418,COMBINED_MODEL_SET,COMPLEX_MODEL_SET,"toy",Megabrands,megabloks1x4_short_blue,Household,"toy, set of 80, blue, plastic, 1x4 posts, short, interlocking",6554108468,3dsom,FALSE,FALSE,FALSE,
18774,9419,COMBINED_MODEL_SET,COMPLEX_MODEL_SET,"toy",Megabrands,megabloks1x4_tall_red,Household,"toy, set of 80, red, tall, 1x4 posts, interlocking",6554108468,3dsom,FALSE,FALSE,FALSE,
18775,9420,COMBINED_MODEL_SET,COMPLEX_MODEL_SET,"toy",Megabrands,megabloks2x2_tall_blue,Household,"toy, set of 80, blue, tall, 2x2 posts, interlocking",6554108468,3dsom,FALSE,FALSE,FALSE,
18776,9421,COMBINED_MODEL_SET,COMPLEX_MODEL_SET,"toy",Megabrands,megabloks2x4_yellow,Household,"toy, set of 80, yellow, 2x4 posts, interlocking",6554108468,3dsom,FALSE,FALSE,FALSE,
18777,9422,COMBINED_MODEL_SET,COMPLEX_MODEL_SET,"toy",Megabrands,megabloks_single_yellow,Household,"toy, set of 80, yellow, single post, interlocking",6554108468,3dsom,FALSE,FALSE,FALSE,
18778,9423,COMBINED_MODEL_SET,COMPLEX_MODEL_SET,"toy",Megabrands,megabloks2x2_short_red,Household,"toy, plastic, set of 80, 2x2 posts, short, red",6554108468,3dsom,FALSE,FALSE,FALSE,
18779,9424,COMBINED_MODEL_SET,COMPLEX_MODEL_SET,TEST_SET,TRAINING_AND_TEST_SET,"bottle,als_object",Odwalla,odwalla_bottle,Household,"bottle, plastic, odwalla, orange juice, 15.2fl oz",1405411005,3dsom,FALSE,FALSE,FALSE,
18780,9425,COMBINED_MODEL_SET,COMPLEX_MODEL_SET,TRAINING_AND_TEST_SET,TRAINING_SET,"box",General Mills,Oatmeal_crisp,Household,"box, cardboard, cereal, 17oz",1600027538,3dsom,FALSE,FALSE,FALSE,
18781,9426,COMBINED_MODEL_SET,COMPLEX_MODEL_SET,TEST_SET,TRAINING_AND_TEST_SET,"box",Post,shredded_wheat,Household,"box, cardboard, cereal, 15oz",4300018005,3dsom,FALSE,FALSE,FALSE,
18782,9427,COMBINED_MODEL_SET,COMPLEX_MODEL_SET,"box",Kleenex,kleenex_box,Household,"box, cardboard, tissue, 11x11x13cm",3600026085,3dsom,FALSE,FALSE,FALSE,
18783,9428,COMBINED_MODEL_SET,REDUCED_MODEL_SET,SIM_MODEL_SET,TEST_SET,TRAINING_AND_TEST_SET,"can",Izze,izze_can,Household,"can, metal, juice, 8.4fl oz, orange",3609301105,3dsom,FALSE,TRUE,FALSE,
18784,9429,,"pitcher",Target,242.07.6610,Target,"pitcher, plastic, palm tree pattern, 2qt.",7677000082,3dsom,FALSE,FALSE,TRUE,
18785,9430,,"pitcher",Target,242.07.6602,Target,"pitcher, tall, palm tree pattern, with lid",7677000079,3dsom,FALSE,FALSE,TRUE,
18786,9431,,"tumbler",Target,242.11.4180,Target,"Tumbler, set of 8, assorted colors, 20oz",11160882,3dsom,TRUE,TRUE,TRUE,
18787,9432,,"mug",Target,242.07.2123,Target,"Mug, beer, polycarbonate, set of 6, clear",10760334,3dsom,TRUE,FALSE,TRUE,
18788,9433,,"tumbler",Target,242.09.6219-glass,Target,"tumbler, polycarbonate, clear, 20oz, Geo 7-pc drinkware set",8978637553,3dsom,TRUE,TRUE,TRUE,
18789,9434,,"pitcher",Target,242.09.6219-pitcher,Target,"pitcher, polycarbonate, clear, Geo 7pc drinkware set",NaN,3dsom,TRUE,FALSE,TRUE,
18790,9435,COMBINED_MODEL_SET,COMPLEX_MODEL_SET,TEST_SET,TRAINING_AND_TEST_SET,"box",Rite Aid,sterile_pads,Household,"box package, cardboard, box of 25 pads, 2""x2""",1182231258,3dsom,FALSE,FALSE,FALSE,
18791,9436,COMBINED_MODEL_SET,REDUCED_MODEL_SET,SIM_MODEL_SET,TRAINING_AND_TEST_SET,TRAINING_SET,"bottle",V8,v8_bottle,Household,"bottle, plastic, V8 juice, v-fusion veg+fruit, 46fl oz",5100018467,3dsom,FALSE,TRUE,FALSE,
18792,9437,,"mug",?,travel_mug,Household,"mug, travel, insulated, aluminum, black plastic trim",NaN,3dsom,TRUE,FALSE,TRUE,
18793,9438,,"glass",Target,242.02.5746,Target,"glass, acrylic Margarita, set of 4, blue, 9.5oz",7677000074,3dsom,TRUE,TRUE,TRUE,
18794,9439,COMBINED_MODEL_SET,COMPLEX_MODEL_SET,"bottle",Sushine Makers Inc.,simple_green,Household,"bottle, plastic, all purpose cleaner, 2 liters",4331813014,3dsom,FALSE,FALSE,FALSE,
18795,9443,COMBINED_MODEL_SET,COMPLEX_MODEL_SET,"tool",Black_and_Decker,power_scissors,Household,"tool, cordless, power scissors, model sz360or, 3.6v recharger",8591104461,3dsom,FALSE,FALSE,FALSE,
18796,9444,DEBUG_MODEL_SET,"can",East West Blend LLC,Chaibaby_tea,Household,"can, tea, white, metal, 1.4oz, 16 sachets, Chai-Baby brand",8907676167,3dsom,FALSE,TRUE,FALSE,
18797,9445,COMBINED_MODEL_SET,SIM_MODEL_SET,TRAINING_AND_TEST_SET,TRAINING_SET,"can",Rishi Tea,rishi_tea_jas,Household,"can, tea, white, metal, loose leaf tea, 3oz",4139106376,3dsom,,TRUE,FALSE,
18798,9446,COMBINED_MODEL_SET,REDUCED_MODEL_SET,SCHUNK_MODEL_SET,SIM_MODEL_SET,TEST_SET,TRAINING_AND_TEST_SET,"can",Penn,tennis_ball_can,Household,"canister, plastic, tennis balls",7248901001,3dsom,,TRUE,FALSE,
18799,9447,COMBINED_MODEL_SET,DEBUG_MODEL_SET,REDUCED_MODEL_SET,SIM_MODEL_SET,TEST_SET,TRAINING_AND_TEST_SET,"jar",Boots Healthcare USA Inc.,Clearasil_jar,Household,"jar, plastic, 90 clearasil pads, 9cm high x 7cm dia, white",NaN,3dsom,,TRUE,FALSE,
18800,9448,COMBINED_MODEL_SET,REDUCED_MODEL_SET,SIM_MODEL_SET,TEST_SET,TRAINING_AND_TEST_SET,"bottle",AMO Inc.,contact lens cleaner,Household,"botle, plastic, white, 12fl oz, Complete Moisture Plus",NaN,3dsom,,TRUE,FALSE,
18801,9449,COMBINED_MODEL_SET,COMPLEX_MODEL_SET,TRAINING_AND_TEST_SET,TRAINING_SET,"box",Unilever,Dove_bar,Household,"carboard box containing Dove beauty bar, white, 120 grams",NaN,3dsom,,FALSE,FALSE,
18802,9450,COMBINED_MODEL_SET,REDUCED_MODEL_SET,SIM_MODEL_SET,TRAINING_AND_TEST_SET,TRAINING_SET,"bottle",CVA Pharmacy,hydrogen_peroxide_bottle,Household,"bottle, brown, 8fl oz, hydrogen peroxide",5042815269,3dsom,,TRUE,FALSE,
18803,9451,,"can",Gillette,shaving_foam_can_small,Household,"can, metal, shaving foam, 2oz",4740014500,3dsom,,TRUE,FALSE,
18804,9452,,"mug",Crate&Barrel,red_mug,Household,"mug, large, red, w/bumps",NaN,3dsom,,FALSE,TRUE,
18805,9453,COMBINED_MODEL_SET,COMPLEX_MODEL_SET,TRAINING_AND_TEST_SET,TRAINING_SET,"jug",tropicana,orange juice jug,Household,"jug, plastic, white, orange juice, 89fl oz",4850001831,3dsom,,FALSE,FALSE,
18806,9454,COMBINED_MODEL_SET,COMPLEX_MODEL_SET,"box",Tazo,organic chai,Household,"box, cardboard, tazo tea, 1.9oz",9452221012,3dsom,,FALSE,FALSE,
18807,9455,COMBINED_MODEL_SET,REDUCED_MODEL_SET,SIM_MODEL_SET,TRAINING_AND_TEST_SET,TRAINING_SET,"can",Campbell Soup Co.,campbell_soup_can,Household,"can, metal, with label, campbell soup, net wt: 305g",5100001251,3dsom,,TRUE,FALSE,
18808,9456,COMBINED_MODEL_SET,REDUCED_MODEL_SET,SIM_MODEL_SET,TEST_SET,TRAINING_AND_TEST_SET,"can",Campbell Soup Co.,campbell_soup_handheld,Household,"can, plastic with insulated cover/label, campbell soup, handheld, net wt: 305g",5100014981,3dsom,,TRUE,FALSE,
18809,9457,NATE_MODEL_SET,"cylinder",Custom,cylinder_radius_0.02785_height_0.315,Custom,"custom cylinder, hieght 31.5 cm, radius 2.785 cm",NaN,manual,FALSE,TRUE,FALSE,
18812,9461,,"book,als_object",na,book,3dwarehouse,"book",NaN,cad,,FALSE,FALSE,
18813,9463,,"cell_phone,als_object",na,cell_phone,3dwarehouse,"cell_phone",NaN,cad,,FALSE,FALSE,
18814,9464,,"cordless_phone,als_object",na,cordless_phone,3dwarehouse,"cordless_phone",NaN,cad,,FALSE,FALSE,
18815,9465,,"fork,als_object",na,fork,3dwarehouse,"fork",NaN,cad,,FALSE,FALSE,
18816,9466,,"eyeglasses,als_object",na,eyeglasses,3dwarehouse,"eyeglasses",NaN,cad,,FALSE,FALSE,
18817,9467,,"lighter,als_object",na,lighter,3dwarehouse,"lighter",NaN,cad,,FALSE,FALSE,
18818,9468,,"medicine_pill,als_object",na,medicine_pill,3dwarehouse,"medicine_pill",NaN,cad,,FALSE,FALSE,
18819,9469,,"mug,als_object",na,mug,3dwarehouse,"mug",NaN,cad,,FALSE,FALSE,
18820,9470,,"pen,als_object",na,pen,3dwarehouse,"pen",NaN,cad,,FALSE,FALSE,
18821,9471,,"prescription_bottle,als_object",na,prescription_bottle,3dwarehouse,"prescription_bottle",NaN,cad,,FALSE,FALSE,
18822,9472,,"soap,als_object",na,soap,3dwarehouse,"soap",NaN,cad,,FALSE,FALSE,
18823,9473,,"spoon,als_object",na,spoon,3dwarehouse,"spoon",NaN,cad,,FALSE,FALSE,
18824,9474,,"straw,als_object",na,straw,3dwarehouse,"straw",NaN,cad,,FALSE,FALSE,
18825,9475,,"toothbrush,als_object",na,toothbrush,3dwarehouse,"toothbrush",NaN,cad,,FALSE,FALSE,
18826,9476,,"toothpaste,als_object",na,toothpaste,3dwarehouse,"toothpaste",NaN,cad,,FALSE,FALSE,
18827,9477,,"tv_remote,als_object",na,tv_remote,3dwarehouse,"tv_remote",NaN,cad,,FALSE,FALSE,
18828,9478,,"walking_cane,als_object",na,walking_cane,3dwarehouse,"walking_cane",NaN,cad,,FALSE,FALSE,
18829,9479,,"wallet,als_object",na,wallet,3dwarehouse,"wallet",NaN,cad,,FALSE,FALSE,
18830,9480,,"wrist_watch,als_object",na,wrist_watch,3dwarehouse,"wrist_watch",NaN,cad,,FALSE,FALSE,
18832,9482,PLATE_SET,"plate,als_object",na,plate,3dwarehouse,"plate",NaN,cad,,FALSE,FALSE,
18928,9581,,"tod,cheddar,food",Unknown,Amys bowls country cheddar,Household,"Amys bowls country cheddar",NaN,TOD,,FALSE,FALSE,0819c93d08805f1566500ec84398ab14
18929,9582,,"tod,cleaning,bottle",Unknown,Clorox,Household,"Bleach",NaN,TOD,,FALSE,FALSE,ed149575c2a44c1c095c5bc1b821c078
18930,9583,,"tod,food,box,eggs",Unknown,Egg Carton,Household,"A dozen eggs in an egg crate.",NaN,TOD,,FALSE,FALSE,ed149575c2a44c1c095c5bc1b80e72b8
18931,9584,,"tod,eggo,food,waffle",Unknown,Eggo,Household,"Eggo waffle",NaN,TOD,,FALSE,FALSE,ed149575c2a44c1c095c5bc1b80c3038
18932,9585,,"tod,mug",Unknown,face mug someother,Household,"a mug",NaN,TOD,,FALSE,FALSE,ffd915faafecfabce63d590572eed069
18933,9586,,"tod,""honey bunches"",food",Unknown,Honey Bunches,Household,"Honey Bunches",NaN,TOD,,FALSE,FALSE,ed149575c2a44c1c095c5bc1b8106d87
18934,9587,,"tod,card",Unknown,hotel card,Household,"Hotel card from Steve",NaN,TOD,,FALSE,FALSE,ae9da478dc2812ee09dcea5b6bf65dd7
18935,9588,,"tod,disney,toy,plastic",Unknown,Mini Mouse Bank,Household,"A plastic piggy bank, in the likeness of Mini Mouse.",NaN,TOD,,FALSE,FALSE,ed149575c2a44c1c095c5bc1b809f265
18936,9589,,"tod,cleaning,bottle",Unknown,Mop and Glo,Household,"cleaning",NaN,TOD,,FALSE,FALSE,ddd91bfc02fc42c0607bb07a31352fad
18937,9590,,"tod,drink,bottle",Unknown,Nantucket Watermelon Strawberry,Household,"A drink of fresh squeezed sugar.",NaN,TOD,,FALSE,FALSE,9ea7df9b7a472c4d79398019f7d574ff
18938,9591,,"tod,food,cerial,breakfast,box",Unknown,Nature's Path Organic Peanut Butter Granola,Household,"11.5 Oz box of organic granola cerial.",NaN,TOD,,FALSE,FALSE,43a7c5ba4f8f1c4bdd1e17801aa8ea97
18939,9592,,"tod,""oi ocha"",food",Unknown,Oi Ocha,Household,"Oi Ocha",NaN,TOD,,FALSE,FALSE,762492b41ad8ac5bb50adfde0829b46b
18940,9593,,"tod,plastic,electronics",Unknown,Remote Control,Household,"Normal TV remote.",NaN,TOD,,FALSE,FALSE,73ed03747038b5f25afc2c17cef31acf
18941,9594,,"tod,box,robot",Unknown,Robot Cards,Household,"Some robot themed playing cards.",NaN,TOD,,FALSE,FALSE,ed149575c2a44c1c095c5bc1b8300275
18942,9595,,"tod,poster,""robot power""",Unknown,Robot Power,Household,"A ROS poster. Robot Power!!",NaN,TOD,,FALSE,FALSE,ed149575c2a44c1c095c5bc1b82afc24
18943,9596,,"tod,poster,comic",Unknown,ROS PHD Comic,Household,"A PHD Comic about ROS.",NaN,TOD,,FALSE,FALSE,578e868adaf1a29b377504be293d5141
18944,9597,,"tod,sphaghettio,soup,food",Unknown,soup spaghettio,Household,"soup spaghettio",NaN,TOD,,FALSE,FALSE,b1624b278c569f46c5c144c2b7b53668
18945,9598,,"tod,sphaghetti,food",Unknown,sphaghetti,Household,"sphaghetti",NaN,TOD,,FALSE,FALSE,be36beee0cefc0ad389e506594f1e367
18946,9599,,"tod,beer,can",Unknown,Tecate,Household,"Tecate beer can.",NaN,TOD,,FALSE,FALSE,aec48af2ea447e23527cbf1b2e58dd94
18947,9600,,"tod,cleaning,bottle",Unknown,Tide 2x,Household,"Detergent",NaN,TOD,,FALSE,FALSE,ed149575c2a44c1c095c5bc1b824d7c8
18948,9601,,"tod,food,box",Unknown,Trader Joe's Paneer Tikka Masala,Household,"9 Oz box of Tikka Masala with spinach and basmati rice.",NaN,TOD,,FALSE,FALSE,bc1be2f2f609df0f198e701dc94f65bc
18949,9602,,"tod,ziplock,food",Unknown,ziplock,Household,"ziplock",NaN,TOD,,FALSE,FALSE,ed149575c2a44c1c095c5bc1b81f434f
18951,9605,,"transparent,cup,plastic",Unknown,sour cream,Household,"a plastic cup",NaN,transparent_objects,,FALSE,FALSE,1acfa3a425f5637f958c0eaff31fe42d
18952,9607,,"transparent,cup,plastic",Unknown,small cup,Household,"a plastic cup",NaN,transparent_objects,,FALSE,FALSE,802b29d49fe0f73e3e85220f8b757b05
18953,9608,,"transparent,glass",Unknown,tall glass,Household,"a glass",NaN,transparent_objects,,FALSE,FALSE,938209ce3d076c79724b8887ca57d5d4
18954,9609,,"transparent,glass,bottle",Unknown,boss bottle,Household,"a glass bottle",NaN,transparent_objects,,FALSE,FALSE,004e4c64a4f70505774ec8098ad47342
18955,9610,,"transparent,glass,ball",Unknown,valentino ball,Household,"a glass ball",NaN,transparent_objects,,FALSE,FALSE,33291d0ffba22e7eb65663824a3b7f6f
18956,9611,,"transparent,plasstic,wineglass",Unknown,wine glass,Household,"a plastic wine glass",NaN,transparent_objects,,FALSE,FALSE,615f59d0498ac8f893ed10a707b47311
18957,9612,,"transparent,glass,box",Unknown,boss box,Household,"a glass box",NaN,transparent_objects,,FALSE,FALSE,d28d3155056e59dcd8dbadbc8b3c1375
18958,9613,,"translucent,cup,plastic",Unknown,yellow cup,Household,"a yellow cup",NaN,transparent_objects,,FALSE,FALSE,fdc5491af03dbafdbaa1703e62f565e3
18959,9614,,"transparent,glass",Unknown,small glass,Household,"a small glass",NaN,transparent_objects,,FALSE,FALSE,6906eae2bc5558d85f0f9fd588893b9d
18960,9615,,"translucent,bottle,glass",Unknown,curved bottle,Household,"a curved bottle",NaN,transparent_objects,,FALSE,FALSE,db9c0c0aa659467ad26ec830d90dc643
18961,9616,,"translucent,mug,glass",Unknown,small mug,Household,"a small mug",NaN,transparent_objects,,FALSE,FALSE,cee6ed13ec62d1d15b29264c34f44088
18962,9617,,"transparent,bowl,glass",Unknown,glass bowl,Household,"a glass bowl",NaN,transparent_objects,,FALSE,FALSE,0025369cba57299e3ff70c7323842f95
18963,9618,,"tod,graspable,box,small",Unknown,arm and hammer,Household,"arm and hammer",NaN,TOD,,FALSE,FALSE,08c7fbe297035e4227fd4aad7d0920b7
18964,9619,,"tod,graspable,box,small",Unknown,black pepper,Household,"black pepper",NaN,TOD,,FALSE,FALSE,08c7fbe297035e4227fd4aad7d0c6361
18965,9620,,"tod,graspable,mustard,food,bottle,squeeze",Unknown,french's mustard,Household,"french's mustard",NaN,TOD,,FALSE,FALSE,08c7fbe297035e4227fd4aad7d05d834
18966,9621,,"tod,graspable,spray",Unknown,pledge,Household,"pledge",NaN,TOD,,FALSE,FALSE,08c7fbe297035e4227fd4aad7d031ff9
18967,9622,,"tod,graspable,detergent",Unknown,woolite,Household,"woolite",NaN,TOD,,FALSE,FALSE,08c7fbe297035e4227fd4aad7d0007af
18968,9623,,"powder,cleanser,canister,cylinder",Unknown,Bon Ami,Household,"Bon Ami",NaN,TOD,,FALSE,FALSE,40c6009161e40eaadb752c9a8000130b
18969,9624,,"Pam,olive,oil,can,cylinder",Unknown,Pam,Household,"Pam",NaN,TOD,,FALSE,FALSE,40c6009161e40eaadb752c9a80077fb3
18970,9625,,"Kona,Coffee,soda,can,cylinder",Unknown,Kona Coffee Can,Household,"Kona Coffee Can",NaN,TOD,,FALSE,FALSE,40c6009161e40eaadb752c9a8009563b
18972,9627,,"",target,big_bowl,Household,"",NaN,TOD,,FALSE,FALSE,
18973,9628,,"",target,big_plate,Household,"",NaN,TOD,,FALSE,FALSE,
18974,9629,,"",target,little_bowl,Household,"",NaN,TOD,,FALSE,FALSE,
18975,9631,SUSHI_MODEL_SET,"bowl,sushi",target,little_sushi_bowl,Household,"",NaN,TOD,,FALSE,FALSE,
18976,9632,SUSHI_MODEL_SET,"bowl,sushi",target,big_sushi_bowl,Household,"",NaN,TOD,,FALSE,FALSE,
18977,9633,SUSHI_MODEL_SET,"cup,sushi",target,little_sushi_cup,Household,"",NaN,TOD,,FALSE,FALSE,
18978,9634,SUSHI_MODEL_SET,"cup,sushi",target,big_sushi_cup,Household,"",NaN,TOD,,FALSE,FALSE,
18979,9635,SUSHI_MODEL_SET,"plate,sushi",target,little_sushi_plate,Household,"",NaN,TOD,,FALSE,FALSE,
18980,9636,SUSHI_MODEL_SET,"plate,sushi",target,big_sushi_plate,Household,"",NaN,TOD,,FALSE,FALSE,
