TransformsFilepath,ObjectFilepath,ObjectSurfaceFilepath,HandFilepath,ObjectNum,SubjectNum,GraspNum,Extreme,OutputFormat
handAndAlignment/transforms/obj11_sub7_grasp1_extreme0_object_transform.txt,sampleSTLs/FoodClip.STL,sampleSTLs/FoodClip_P.ply,handAndAlignment/hand/obj11_sub7_grasp1_extreme0.stl,11,7,1,extreme0,Output/Step%iObject11Subject7Grasp1extreme0AreaIntersection.csv
handAndAlignment/transforms/obj11_sub7_grasp1_extreme1_object_transform.txt,sampleSTLs/FoodClip.STL,sampleSTLs/FoodClip_P.ply,handAndAlignment/hand/obj11_sub7_grasp1_extreme1.stl,11,7,1,extreme1,Output/Step%iObject11Subject7Grasp1extreme1AreaIntersection.csv
handAndAlignment/transforms/obj11_sub7_grasp1_optimal0_object_transform.txt,sampleSTLs/FoodClip.STL,sampleSTLs/FoodClip_P.ply,handAndAlignment/hand/obj11_sub7_grasp1_optimal0.stl,11,7,1,optimal0,Output/Step%iObject11Subject7Grasp1optimal0AreaIntersection.csv
handAndAlignment/transforms/obj11_sub7_grasp2_optimal0_object_transform.txt,sampleSTLs/FoodClip.STL,sampleSTLs/FoodClip_P.ply,handAndAlignment/hand/obj11_sub7_grasp2_optimal0.stl,11,7,2,optimal0,Output/Step%iObject11Subject7Grasp2optimal0AreaIntersection.csv
handAndAlignment/transforms/obj11_sub7_grasp3_extreme0_object_transform.txt,sampleSTLs/FoodClip.STL,sampleSTLs/FoodClip_P.ply,handAndAlignment/hand/obj11_sub7_grasp3_extreme0.stl,11,7,3,extreme0,Output/Step%iObject11Subject7Grasp3extreme0AreaIntersection.csv
handAndAlignment/transforms/obj11_sub7_grasp3_optimal0_object_transform.txt,sampleSTLs/FoodClip.STL,sampleSTLs/FoodClip_P.ply,handAndAlignment/hand/obj11_sub7_grasp3_optimal0.stl,11,7,3,optimal0,Output/Step%iObject11Subject7Grasp3optimal0AreaIntersection.csv
handAndAlignment/transforms/obj11_sub7_grasp4_extreme0_object_transform.txt,sampleSTLs/FoodClip.STL,sampleSTLs/FoodClip_P.ply,handAndAlignment/hand/obj11_sub7_grasp4_extreme0.stl,11,7,4,extreme0,Output/Step%iObject11Subject7Grasp4extreme0AreaIntersection.csv
handAndAlignment/transforms/obj11_sub7_grasp4_extreme1_object_transform.txt,sampleSTLs/FoodClip.STL,sampleSTLs/FoodClip_P.ply,handAndAlignment/hand/obj11_sub7_grasp4_extreme1.stl,11,7,4,extreme1,Output/Step%iObject11Subject7Grasp4extreme1AreaIntersection.csv
handAndAlignment/transforms/obj11_sub7_grasp4_optimal0_object_transform.txt,sampleSTLs/FoodClip.STL,sampleSTLs/FoodClip_P.ply,handAndAlignment/hand/obj11_sub7_grasp4_optimal0.stl,11,7,4,optimal0,Output/Step%iObject11Subject7Grasp4optimal0AreaIntersection.csv
handAndAlignment/transforms/obj11_sub8_grasp1_extreme0_object_transform.txt,sampleSTLs/FoodClip.STL,sampleSTLs/FoodClip_P.ply,handAndAlignment/hand/obj11_sub8_grasp1_extreme0.stl,11,8,1,extreme0,Output/Step%iObject11Subject8Grasp1extreme0AreaIntersection.csv
handAndAlignment/transforms/obj11_sub8_grasp1_optimal0_object_transform.txt,sampleSTLs/FoodClip.STL,sampleSTLs/FoodClip_P.ply,handAndAlignment/hand/obj11_sub8_grasp1_optimal0.stl,11,8,1,optimal0,Output/Step%iObject11Subject8Grasp1optimal0AreaIntersection.csv
handAndAlignment/transforms/obj11_sub8_grasp2_extreme0_object_transform.txt,sampleSTLs/FoodClip.STL,sampleSTLs/FoodClip_P.ply,handAndAlignment/hand/obj11_sub8_grasp2_extreme0.stl,11,8,2,extreme0,Output/Step%iObject11Subject8Grasp2extreme0AreaIntersection.csv
handAndAlignment/transforms/obj11_sub8_grasp2_optimal0_object_transform.txt,sampleSTLs/FoodClip.STL,sampleSTLs/FoodClip_P.ply,handAndAlignment/hand/obj11_sub8_grasp2_optimal0.stl,11,8,2,optimal0,Output/Step%iObject11Subject8Grasp2optimal0AreaIntersection.csv
handAndAlignment/transforms/obj11_sub8_grasp3_optimal0_object_transform.txt,sampleSTLs/FoodClip.STL,sampleSTLs/FoodClip_P.ply,handAndAlignment/hand/obj11_sub8_grasp3_optimal0.stl,11,8,3,optimal0,Output/Step%iObject11Subject8Grasp3optimal0AreaIntersection.csv
handAndAlignment/transforms/obj11_sub8_grasp4_optimal0_object_transform.txt,sampleSTLs/FoodClip.STL,sampleSTLs/FoodClip_P.ply,handAndAlignment/hand/obj11_sub8_grasp4_optimal0.stl,11,8,4,optimal0,Output/Step%iObject11Subject8Grasp4optimal0AreaIntersection.csv
handAndAlignment/transforms/obj11_sub8_grasp5_extreme0_object_transform.txt,sampleSTLs/FoodClip.STL,sampleSTLs/FoodClip_P.ply,handAndAlignment/hand/obj11_sub8_grasp5_extreme0.stl,11,8,5,extreme0,Output/Step%iObject11Subject8Grasp5extreme0AreaIntersection.csv
handAndAlignment/transforms/obj11_sub8_grasp5_optimal0_object_transform.txt,sampleSTLs/FoodClip.STL,sampleSTLs/FoodClip_P.ply,handAndAlignment/hand/obj11_sub8_grasp5_optimal0.stl,11,8,5,optimal0,Output/Step%iObject11Subject8Grasp5optimal0AreaIntersection.csv
handAndAlignment/transforms/obj11_sub8_grasp6_extreme0_object_transform.txt,sampleSTLs/FoodClip.STL,sampleSTLs/FoodClip_P.ply,handAndAlignment/hand/obj11_sub8_grasp6_extreme0.stl,11,8,6,extreme0,Output/Step%iObject11Subject8Grasp6extreme0AreaIntersection.csv
handAndAlignment/transforms/obj11_sub8_grasp6_extreme1_object_transform.txt,sampleSTLs/FoodClip.STL,sampleSTLs/FoodClip_P.ply,handAndAlignment/hand/obj11_sub8_grasp6_extreme1.stl,11,8,6,extreme1,Output/Step%iObject11Subject8Grasp6extreme1AreaIntersection.csv
handAndAlignment/transforms/obj11_sub8_grasp6_optimal0_object_transform.txt,sampleSTLs/FoodClip.STL,sampleSTLs/FoodClip_P.ply,handAndAlignment/hand/obj11_sub8_grasp6_optimal0.stl,11,8,6,optimal0,Output/Step%iObject11Subject8Grasp6optimal0AreaIntersection.csv
handAndAlignment/transforms/obj13_sub7_grasp5_extreme0_object_transform.txt,sampleSTLs/SoapDispenser.STL,sampleSTLs/SoapDispenser_P.ply,handAndAlignment/hand/obj13_sub7_grasp5_extreme0.stl,13,7,5,extreme0,Output/Step%iObject13Subject7Grasp5extreme0AreaIntersection.csv
handAndAlignment/transforms/obj13_sub7_grasp5_extreme1_object_transform.txt,sampleSTLs/SoapDispenser.STL,sampleSTLs/SoapDispenser_P.ply,handAndAlignment/hand/obj13_sub7_grasp5_extreme1.stl,13,7,5,extreme1,Output/Step%iObject13Subject7Grasp5extreme1AreaIntersection.csv
handAndAlignment/transforms/obj13_sub7_grasp5_optimal0_object_transform.txt,sampleSTLs/SoapDispenser.STL,sampleSTLs/SoapDispenser_P.ply,handAndAlignment/hand/obj13_sub7_grasp5_optimal0.stl,13,7,5,optimal0,Output/Step%iObject13Subject7Grasp5optimal0AreaIntersection.csv
handAndAlignment/transforms/obj13_sub7_grasp6_extreme0_object_transform.txt,sampleSTLs/SoapDispenser.STL,sampleSTLs/SoapDispenser_P.ply,handAndAlignment/hand/obj13_sub7_grasp6_extreme0.stl,13,7,6,extreme0,Output/Step%iObject13Subject7Grasp6extreme0AreaIntersection.csv
handAndAlignment/transforms/obj13_sub7_grasp6_extreme1_object_transform.txt,sampleSTLs/SoapDispenser.STL,sampleSTLs/SoapDispenser_P.ply,handAndAlignment/hand/obj13_sub7_grasp6_extreme1.stl,13,7,6,extreme1,Output/Step%iObject13Subject7Grasp6extreme1AreaIntersection.csv
handAndAlignment/transforms/obj13_sub7_grasp6_optimal0_object_transform.txt,sampleSTLs/SoapDispenser.STL,sampleSTLs/SoapDispenser_P.ply,handAndAlignment/hand/obj13_sub7_grasp6_optimal0.stl,13,7,6,optimal0,Output/Step%iObject13Subject7Grasp6optimal0AreaIntersection.csv
handAndAlignment/transforms/obj13_sub7_grasp7_optimal0_object_transform.txt,sampleSTLs/SoapDispenser.STL,sampleSTLs/SoapDispenser_P.ply,handAndAlignment/hand/obj13_sub7_grasp7_optimal0.stl,13,7,7,optimal0,Output/Step%iObject13Subject7Grasp7optimal0AreaIntersection.csv
handAndAlignment/transforms/obj13_sub7_grasp8_optimal0_object_transform.txt,sampleSTLs/SoapDispenser.STL,sampleSTLs/SoapDispenser_P.ply,handAndAlignment/hand/obj13_sub7_grasp8_optimal0.stl,13,7,8,optimal0,Output/Step%iObject13Subject7Grasp8optimal0AreaIntersection.csv
handAndAlignment/transforms/obj13_sub8_grasp1_extreme0_object_transform.txt,sampleSTLs/SoapDispenser.STL,sampleSTLs/SoapDispenser_P.ply,handAndAlignment/hand/obj13_sub8_grasp1_extreme0.stl,13,8,1,extreme0,Output/Step%iObject13Subject8Grasp1extreme0AreaIntersection.csv
handAndAlignment/transforms/obj13_sub8_grasp1_extreme1_object_transform.txt,sampleSTLs/SoapDispenser.STL,sampleSTLs/SoapDispenser_P.ply,handAndAlignment/hand/obj13_sub8_grasp1_extreme1.stl,13,8,1,extreme1,Output/Step%iObject13Subject8Grasp1extreme1AreaIntersection.csv
handAndAlignment/transforms/obj13_sub8_grasp1_optimal0_object_transform.txt,sampleSTLs/SoapDispenser.STL,sampleSTLs/SoapDispenser_P.ply,handAndAlignment/hand/obj13_sub8_grasp1_optimal0.stl,13,8,1,optimal0,Output/Step%iObject13Subject8Grasp1optimal0AreaIntersection.csv
handAndAlignment/transforms/obj13_sub8_grasp2_optimal0_object_transform.txt,sampleSTLs/SoapDispenser.STL,sampleSTLs/SoapDispenser_P.ply,handAndAlignment/hand/obj13_sub8_grasp2_optimal0.stl,13,8,2,optimal0,Output/Step%iObject13Subject8Grasp2optimal0AreaIntersection.csv
handAndAlignment/transforms/obj13_sub8_grasp3_optimal0_object_transform.txt,sampleSTLs/SoapDispenser.STL,sampleSTLs/SoapDispenser_P.ply,handAndAlignment/hand/obj13_sub8_grasp3_optimal0.stl,13,8,3,optimal0,Output/Step%iObject13Subject8Grasp3optimal0AreaIntersection.csv
handAndAlignment/transforms/obj13_sub8_grasp4_optimal0_object_transform.txt,sampleSTLs/SoapDispenser.STL,sampleSTLs/SoapDispenser_P.ply,handAndAlignment/hand/obj13_sub8_grasp4_optimal0.stl,13,8,4,optimal0,Output/Step%iObject13Subject8Grasp4optimal0AreaIntersection.csv
handAndAlignment/transforms/obj13_sub8_grasp6_optimal0_object_transform.txt,sampleSTLs/SoapDispenser.STL,sampleSTLs/SoapDispenser_P.ply,handAndAlignment/hand/obj13_sub8_grasp6_optimal0.stl,13,8,6,optimal0,Output/Step%iObject13Subject8Grasp6optimal0AreaIntersection.csv
handAndAlignment/transforms/obj13_sub8_grasp7_optimal0_object_transform.txt,sampleSTLs/SoapDispenser.STL,sampleSTLs/SoapDispenser_P.ply,handAndAlignment/hand/obj13_sub8_grasp7_optimal0.stl,13,8,7,optimal0,Output/Step%iObject13Subject8Grasp7optimal0AreaIntersection.csv
handAndAlignment/transforms/obj15_sub4_grasp1_extreme0_object_transform.txt,sampleSTLs/Chunk_of_foam.STL,sampleSTLs/Chunk_of_foam_P.ply,handAndAlignment/hand/obj15_sub4_grasp1_extreme0.stl,15,4,1,extreme0,Output/Step%iObject15Subject4Grasp1extreme0AreaIntersection.csv
handAndAlignment/transforms/obj15_sub4_grasp1_extreme1_object_transform.txt,sampleSTLs/Chunk_of_foam.STL,sampleSTLs/Chunk_of_foam_P.ply,handAndAlignment/hand/obj15_sub4_grasp1_extreme1.stl,15,4,1,extreme1,Output/Step%iObject15Subject4Grasp1extreme1AreaIntersection.csv
handAndAlignment/transforms/obj15_sub4_grasp1_optimal0_object_transform.txt,sampleSTLs/Chunk_of_foam.STL,sampleSTLs/Chunk_of_foam_P.ply,handAndAlignment/hand/obj15_sub4_grasp1_optimal0.stl,15,4,1,optimal0,Output/Step%iObject15Subject4Grasp1optimal0AreaIntersection.csv
handAndAlignment/transforms/obj15_sub4_grasp2_optimal0_object_transform.txt,sampleSTLs/Chunk_of_foam.STL,sampleSTLs/Chunk_of_foam_P.ply,handAndAlignment/hand/obj15_sub4_grasp2_optimal0.stl,15,4,2,optimal0,Output/Step%iObject15Subject4Grasp2optimal0AreaIntersection.csv
handAndAlignment/transforms/obj15_sub4_grasp3_extreme0_object_transform.txt,sampleSTLs/Chunk_of_foam.STL,sampleSTLs/Chunk_of_foam_P.ply,handAndAlignment/hand/obj15_sub4_grasp3_extreme0.stl,15,4,3,extreme0,Output/Step%iObject15Subject4Grasp3extreme0AreaIntersection.csv
handAndAlignment/transforms/obj15_sub4_grasp3_extreme1_object_transform.txt,sampleSTLs/Chunk_of_foam.STL,sampleSTLs/Chunk_of_foam_P.ply,handAndAlignment/hand/obj15_sub4_grasp3_extreme1.stl,15,4,3,extreme1,Output/Step%iObject15Subject4Grasp3extreme1AreaIntersection.csv
handAndAlignment/transforms/obj15_sub4_grasp3_optimal0_object_transform.txt,sampleSTLs/Chunk_of_foam.STL,sampleSTLs/Chunk_of_foam_P.ply,handAndAlignment/hand/obj15_sub4_grasp3_optimal0.stl,15,4,3,optimal0,Output/Step%iObject15Subject4Grasp3optimal0AreaIntersection.csv
handAndAlignment/transforms/obj15_sub4_grasp4_optimal0_object_transform.txt,sampleSTLs/Chunk_of_foam.STL,sampleSTLs/Chunk_of_foam_P.ply,handAndAlignment/hand/obj15_sub4_grasp4_optimal0.stl,15,4,4,optimal0,Output/Step%iObject15Subject4Grasp4optimal0AreaIntersection.csv
handAndAlignment/transforms/obj15_sub4_grasp5_optimal0_object_transform.txt,sampleSTLs/Chunk_of_foam.STL,sampleSTLs/Chunk_of_foam_P.ply,handAndAlignment/hand/obj15_sub4_grasp5_optimal0.stl,15,4,5,optimal0,Output/Step%iObject15Subject4Grasp5optimal0AreaIntersection.csv
handAndAlignment/transforms/obj15_sub4_grasp6_optimal0_object_transform.txt,sampleSTLs/Chunk_of_foam.STL,sampleSTLs/Chunk_of_foam_P.ply,handAndAlignment/hand/obj15_sub4_grasp6_optimal0.stl,15,4,6,optimal0,Output/Step%iObject15Subject4Grasp6optimal0AreaIntersection.csv
handAndAlignment/transforms/obj15_sub4_grasp7_extreme0_object_transform.txt,sampleSTLs/Chunk_of_foam.STL,sampleSTLs/Chunk_of_foam_P.ply,handAndAlignment/hand/obj15_sub4_grasp7_extreme0.stl,15,4,7,extreme0,Output/Step%iObject15Subject4Grasp7extreme0AreaIntersection.csv
handAndAlignment/transforms/obj15_sub4_grasp7_optimal0_object_transform.txt,sampleSTLs/Chunk_of_foam.STL,sampleSTLs/Chunk_of_foam_P.ply,handAndAlignment/hand/obj15_sub4_grasp7_optimal0.stl,15,4,7,optimal0,Output/Step%iObject15Subject4Grasp7optimal0AreaIntersection.csv
handAndAlignment/transforms/obj15_sub4_grasp8_extreme0_object_transform.txt,sampleSTLs/Chunk_of_foam.STL,sampleSTLs/Chunk_of_foam_P.ply,handAndAlignment/hand/obj15_sub4_grasp8_extreme0.stl,15,4,8,extreme0,Output/Step%iObject15Subject4Grasp8extreme0AreaIntersection.csv
handAndAlignment/transforms/obj15_sub4_grasp8_extreme1_object_transform.txt,sampleSTLs/Chunk_of_foam.STL,sampleSTLs/Chunk_of_foam_P.ply,handAndAlignment/hand/obj15_sub4_grasp8_extreme1.stl,15,4,8,extreme1,Output/Step%iObject15Subject4Grasp8extreme1AreaIntersection.csv
handAndAlignment/transforms/obj15_sub4_grasp8_optimal0_object_transform.txt,sampleSTLs/Chunk_of_foam.STL,sampleSTLs/Chunk_of_foam_P.ply,handAndAlignment/hand/obj15_sub4_grasp8_optimal0.stl,15,4,8,optimal0,Output/Step%iObject15Subject4Grasp8optimal0AreaIntersection.csv
handAndAlignment/transforms/obj15_sub4_grasp9_optimal0_object_transform.txt,sampleSTLs/Chunk_of_foam.STL,sampleSTLs/Chunk_of_foam_P.ply,handAndAlignment/hand/obj15_sub4_grasp9_optimal0.stl,15,4,9,optimal0,Output/Step%iObject15Subject4Grasp9optimal0AreaIntersection.csv
handAndAlignment/transforms/obj15_sub5_grasp6_extreme0_object_transform.txt,sampleSTLs/Chunk_of_foam.STL,sampleSTLs/Chunk_of_foam_P.ply,handAndAlignment/hand/obj15_sub5_grasp6_extreme0.stl,15,5,6,extreme0,Output/Step%iObject15Subject5Grasp6extreme0AreaIntersection.csv
handAndAlignment/transforms/obj15_sub5_grasp6_extreme1_object_transform.txt,sampleSTLs/Chunk_of_foam.STL,sampleSTLs/Chunk_of_foam_P.ply,handAndAlignment/hand/obj15_sub5_grasp6_extreme1.stl,15,5,6,extreme1,Output/Step%iObject15Subject5Grasp6extreme1AreaIntersection.csv
handAndAlignment/transforms/obj15_sub5_grasp6_optimal0_object_transform.txt,sampleSTLs/Chunk_of_foam.STL,sampleSTLs/Chunk_of_foam_P.ply,handAndAlignment/hand/obj15_sub5_grasp6_optimal0.stl,15,5,6,optimal0,Output/Step%iObject15Subject5Grasp6optimal0AreaIntersection.csv
handAndAlignment/transforms/obj15_sub5_grasp7_extreme0_object_transform.txt,sampleSTLs/Chunk_of_foam.STL,sampleSTLs/Chunk_of_foam_P.ply,handAndAlignment/hand/obj15_sub5_grasp7_extreme0.stl,15,5,7,extreme0,Output/Step%iObject15Subject5Grasp7extreme0AreaIntersection.csv
handAndAlignment/transforms/obj15_sub5_grasp7_extreme1_object_transform.txt,sampleSTLs/Chunk_of_foam.STL,sampleSTLs/Chunk_of_foam_P.ply,handAndAlignment/hand/obj15_sub5_grasp7_extreme1.stl,15,5,7,extreme1,Output/Step%iObject15Subject5Grasp7extreme1AreaIntersection.csv
handAndAlignment/transforms/obj15_sub5_grasp7_optimal0_object_transform.txt,sampleSTLs/Chunk_of_foam.STL,sampleSTLs/Chunk_of_foam_P.ply,handAndAlignment/hand/obj15_sub5_grasp7_optimal0.stl,15,5,7,optimal0,Output/Step%iObject15Subject5Grasp7optimal0AreaIntersection.csv
handAndAlignment/transforms/obj15_sub5_grasp8_extreme0_object_transform.txt,sampleSTLs/Chunk_of_foam.STL,sampleSTLs/Chunk_of_foam_P.ply,handAndAlignment/hand/obj15_sub5_grasp8_extreme0.stl,15,5,8,extreme0,Output/Step%iObject15Subject5Grasp8extreme0AreaIntersection.csv
handAndAlignment/transforms/obj15_sub5_grasp8_extreme1_object_transform.txt,sampleSTLs/Chunk_of_foam.STL,sampleSTLs/Chunk_of_foam_P.ply,handAndAlignment/hand/obj15_sub5_grasp8_extreme1.stl,15,5,8,extreme1,Output/Step%iObject15Subject5Grasp8extreme1AreaIntersection.csv
handAndAlignment/transforms/obj15_sub5_grasp8_optimal0_object_transform.txt,sampleSTLs/Chunk_of_foam.STL,sampleSTLs/Chunk_of_foam_P.ply,handAndAlignment/hand/obj15_sub5_grasp8_optimal0.stl,15,5,8,optimal0,Output/Step%iObject15Subject5Grasp8optimal0AreaIntersection.csv
handAndAlignment/transforms/obj15_sub6_grasp1_extreme0_object_transform.txt,sampleSTLs/Chunk_of_foam.STL,sampleSTLs/Chunk_of_foam_P.ply,handAndAlignment/hand/obj15_sub6_grasp1_extreme0.stl,15,6,1,extreme0,Output/Step%iObject15Subject6Grasp1extreme0AreaIntersection.csv
handAndAlignment/transforms/obj15_sub6_grasp1_extreme1_object_transform.txt,sampleSTLs/Chunk_of_foam.STL,sampleSTLs/Chunk_of_foam_P.ply,handAndAlignment/hand/obj15_sub6_grasp1_extreme1.stl,15,6,1,extreme1,Output/Step%iObject15Subject6Grasp1extreme1AreaIntersection.csv
handAndAlignment/transforms/obj15_sub6_grasp1_optimal0_object_transform.txt,sampleSTLs/Chunk_of_foam.STL,sampleSTLs/Chunk_of_foam_P.ply,handAndAlignment/hand/obj15_sub6_grasp1_optimal0.stl,15,6,1,optimal0,Output/Step%iObject15Subject6Grasp1optimal0AreaIntersection.csv
handAndAlignment/transforms/obj15_sub6_grasp2_extreme0_object_transform.txt,sampleSTLs/Chunk_of_foam.STL,sampleSTLs/Chunk_of_foam_P.ply,handAndAlignment/hand/obj15_sub6_grasp2_extreme0.stl,15,6,2,extreme0,Output/Step%iObject15Subject6Grasp2extreme0AreaIntersection.csv
handAndAlignment/transforms/obj15_sub6_grasp2_extreme1_object_transform.txt,sampleSTLs/Chunk_of_foam.STL,sampleSTLs/Chunk_of_foam_P.ply,handAndAlignment/hand/obj15_sub6_grasp2_extreme1.stl,15,6,2,extreme1,Output/Step%iObject15Subject6Grasp2extreme1AreaIntersection.csv
handAndAlignment/transforms/obj15_sub6_grasp2_optimal0_object_transform.txt,sampleSTLs/Chunk_of_foam.STL,sampleSTLs/Chunk_of_foam_P.ply,handAndAlignment/hand/obj15_sub6_grasp2_optimal0.stl,15,6,2,optimal0,Output/Step%iObject15Subject6Grasp2optimal0AreaIntersection.csv
handAndAlignment/transforms/obj15_sub6_grasp3_extreme0_object_transform.txt,sampleSTLs/Chunk_of_foam.STL,sampleSTLs/Chunk_of_foam_P.ply,handAndAlignment/hand/obj15_sub6_grasp3_extreme0.stl,15,6,3,extreme0,Output/Step%iObject15Subject6Grasp3extreme0AreaIntersection.csv
handAndAlignment/transforms/obj15_sub6_grasp3_extreme1_object_transform.txt,sampleSTLs/Chunk_of_foam.STL,sampleSTLs/Chunk_of_foam_P.ply,handAndAlignment/hand/obj15_sub6_grasp3_extreme1.stl,15,6,3,extreme1,Output/Step%iObject15Subject6Grasp3extreme1AreaIntersection.csv
handAndAlignment/transforms/obj15_sub6_grasp3_optimal0_object_transform.txt,sampleSTLs/Chunk_of_foam.STL,sampleSTLs/Chunk_of_foam_P.ply,handAndAlignment/hand/obj15_sub6_grasp3_optimal0.stl,15,6,3,optimal0,Output/Step%iObject15Subject6Grasp3optimal0AreaIntersection.csv
handAndAlignment/transforms/obj15_sub6_grasp4_extreme0_object_transform.txt,sampleSTLs/Chunk_of_foam.STL,sampleSTLs/Chunk_of_foam_P.ply,handAndAlignment/hand/obj15_sub6_grasp4_extreme0.stl,15,6,4,extreme0,Output/Step%iObject15Subject6Grasp4extreme0AreaIntersection.csv
handAndAlignment/transforms/obj15_sub6_grasp4_optimal0_object_transform.txt,sampleSTLs/Chunk_of_foam.STL,sampleSTLs/Chunk_of_foam_P.ply,handAndAlignment/hand/obj15_sub6_grasp4_optimal0.stl,15,6,4,optimal0,Output/Step%iObject15Subject6Grasp4optimal0AreaIntersection.csv
handAndAlignment/transforms/obj17_sub11_grasp1_optimal0_object_transform.txt,sampleSTLs/Ball.STL,sampleSTLs/Ball_P.ply,handAndAlignment/hand/obj17_sub11_grasp1_optimal0.stl,17,11,1,optimal0,Output/Step%iObject17Subject11Grasp1optimal0AreaIntersection.csv
handAndAlignment/transforms/obj17_sub11_grasp2_extreme0_object_transform.txt,sampleSTLs/Ball.STL,sampleSTLs/Ball_P.ply,handAndAlignment/hand/obj17_sub11_grasp2_extreme0.stl,17,11,2,extreme0,Output/Step%iObject17Subject11Grasp2extreme0AreaIntersection.csv
handAndAlignment/transforms/obj17_sub11_grasp2_extreme1_object_transform.txt,sampleSTLs/Ball.STL,sampleSTLs/Ball_P.ply,handAndAlignment/hand/obj17_sub11_grasp2_extreme1.stl,17,11,2,extreme1,Output/Step%iObject17Subject11Grasp2extreme1AreaIntersection.csv
handAndAlignment/transforms/obj17_sub11_grasp2_optimal0_object_transform.txt,sampleSTLs/Ball.STL,sampleSTLs/Ball_P.ply,handAndAlignment/hand/obj17_sub11_grasp2_optimal0.stl,17,11,2,optimal0,Output/Step%iObject17Subject11Grasp2optimal0AreaIntersection.csv
handAndAlignment/transforms/obj17_sub11_grasp3_extreme0_object_transform.txt,sampleSTLs/Ball.STL,sampleSTLs/Ball_P.ply,handAndAlignment/hand/obj17_sub11_grasp3_extreme0.stl,17,11,3,extreme0,Output/Step%iObject17Subject11Grasp3extreme0AreaIntersection.csv
handAndAlignment/transforms/obj17_sub11_grasp3_optimal0_object_transform.txt,sampleSTLs/Ball.STL,sampleSTLs/Ball_P.ply,handAndAlignment/hand/obj17_sub11_grasp3_optimal0.stl,17,11,3,optimal0,Output/Step%iObject17Subject11Grasp3optimal0AreaIntersection.csv
handAndAlignment/transforms/obj17_sub11_grasp4_extreme0_object_transform.txt,sampleSTLs/Ball.STL,sampleSTLs/Ball_P.ply,handAndAlignment/hand/obj17_sub11_grasp4_extreme0.stl,17,11,4,extreme0,Output/Step%iObject17Subject11Grasp4extreme0AreaIntersection.csv
handAndAlignment/transforms/obj17_sub11_grasp4_optimal0_object_transform.txt,sampleSTLs/Ball.STL,sampleSTLs/Ball_P.ply,handAndAlignment/hand/obj17_sub11_grasp4_optimal0.stl,17,11,4,optimal0,Output/Step%iObject17Subject11Grasp4optimal0AreaIntersection.csv
handAndAlignment/transforms/obj17_sub11_grasp5_extreme0_object_transform.txt,sampleSTLs/Ball.STL,sampleSTLs/Ball_P.ply,handAndAlignment/hand/obj17_sub11_grasp5_extreme0.stl,17,11,5,extreme0,Output/Step%iObject17Subject11Grasp5extreme0AreaIntersection.csv
handAndAlignment/transforms/obj17_sub11_grasp5_optimal0_object_transform.txt,sampleSTLs/Ball.STL,sampleSTLs/Ball_P.ply,handAndAlignment/hand/obj17_sub11_grasp5_optimal0.stl,17,11,5,optimal0,Output/Step%iObject17Subject11Grasp5optimal0AreaIntersection.csv
handAndAlignment/transforms/obj17_sub11_grasp5_optimal1_object_transform.txt,sampleSTLs/Ball.STL,sampleSTLs/Ball_P.ply,handAndAlignment/hand/obj17_sub11_grasp5_optimal1.stl,17,11,5,optimal1,Output/Step%iObject17Subject11Grasp5optimal1AreaIntersection.csv
handAndAlignment/transforms/obj17_sub11_grasp6_extreme0_object_transform.txt,sampleSTLs/Ball.STL,sampleSTLs/Ball_P.ply,handAndAlignment/hand/obj17_sub11_grasp6_extreme0.stl,17,11,6,extreme0,Output/Step%iObject17Subject11Grasp6extreme0AreaIntersection.csv
handAndAlignment/transforms/obj17_sub11_grasp6_optimal0_object_transform.txt,sampleSTLs/Ball.STL,sampleSTLs/Ball_P.ply,handAndAlignment/hand/obj17_sub11_grasp6_optimal0.stl,17,11,6,optimal0,Output/Step%iObject17Subject11Grasp6optimal0AreaIntersection.csv
handAndAlignment/transforms/obj17_sub15_grasp1_extreme0_object_transform.txt,sampleSTLs/Ball.STL,sampleSTLs/Ball_P.ply,handAndAlignment/hand/obj17_sub15_grasp1_extreme0.stl,17,15,1,extreme0,Output/Step%iObject17Subject15Grasp1extreme0AreaIntersection.csv
handAndAlignment/transforms/obj17_sub15_grasp1_extreme1_object_transform.txt,sampleSTLs/Ball.STL,sampleSTLs/Ball_P.ply,handAndAlignment/hand/obj17_sub15_grasp1_extreme1.stl,17,15,1,extreme1,Output/Step%iObject17Subject15Grasp1extreme1AreaIntersection.csv
handAndAlignment/transforms/obj17_sub15_grasp1_optimal0_object_transform.txt,sampleSTLs/Ball.STL,sampleSTLs/Ball_P.ply,handAndAlignment/hand/obj17_sub15_grasp1_optimal0.stl,17,15,1,optimal0,Output/Step%iObject17Subject15Grasp1optimal0AreaIntersection.csv
handAndAlignment/transforms/obj17_sub15_grasp2_extreme0_object_transform.txt,sampleSTLs/Ball.STL,sampleSTLs/Ball_P.ply,handAndAlignment/hand/obj17_sub15_grasp2_extreme0.stl,17,15,2,extreme0,Output/Step%iObject17Subject15Grasp2extreme0AreaIntersection.csv
handAndAlignment/transforms/obj17_sub15_grasp2_extreme1_object_transform.txt,sampleSTLs/Ball.STL,sampleSTLs/Ball_P.ply,handAndAlignment/hand/obj17_sub15_grasp2_extreme1.stl,17,15,2,extreme1,Output/Step%iObject17Subject15Grasp2extreme1AreaIntersection.csv
handAndAlignment/transforms/obj17_sub15_grasp2_optimal0_object_transform.txt,sampleSTLs/Ball.STL,sampleSTLs/Ball_P.ply,handAndAlignment/hand/obj17_sub15_grasp2_optimal0.stl,17,15,2,optimal0,Output/Step%iObject17Subject15Grasp2optimal0AreaIntersection.csv
handAndAlignment/transforms/obj17_sub15_grasp3_extreme0_object_transform.txt,sampleSTLs/Ball.STL,sampleSTLs/Ball_P.ply,handAndAlignment/hand/obj17_sub15_grasp3_extreme0.stl,17,15,3,extreme0,Output/Step%iObject17Subject15Grasp3extreme0AreaIntersection.csv
handAndAlignment/transforms/obj17_sub15_grasp3_extreme1_object_transform.txt,sampleSTLs/Ball.STL,sampleSTLs/Ball_P.ply,handAndAlignment/hand/obj17_sub15_grasp3_extreme1.stl,17,15,3,extreme1,Output/Step%iObject17Subject15Grasp3extreme1AreaIntersection.csv
handAndAlignment/transforms/obj17_sub15_grasp3_optimal0_object_transform.txt,sampleSTLs/Ball.STL,sampleSTLs/Ball_P.ply,handAndAlignment/hand/obj17_sub15_grasp3_optimal0.stl,17,15,3,optimal0,Output/Step%iObject17Subject15Grasp3optimal0AreaIntersection.csv
handAndAlignment/transforms/obj17_sub15_grasp3_optimal1_object_transform.txt,sampleSTLs/Ball.STL,sampleSTLs/Ball_P.ply,handAndAlignment/hand/obj17_sub15_grasp3_optimal1.stl,17,15,3,optimal1,Output/Step%iObject17Subject15Grasp3optimal1AreaIntersection.csv
handAndAlignment/transforms/obj17_sub15_grasp4_optimal0_object_transform.txt,sampleSTLs/Ball.STL,sampleSTLs/Ball_P.ply,handAndAlignment/hand/obj17_sub15_grasp4_optimal0.stl,17,15,4,optimal0,Output/Step%iObject17Subject15Grasp4optimal0AreaIntersection.csv
handAndAlignment/transforms/obj17_sub15_grasp5_optimal0_object_transform.txt,sampleSTLs/Ball.STL,sampleSTLs/Ball_P.ply,handAndAlignment/hand/obj17_sub15_grasp5_optimal0.stl,17,15,5,optimal0,Output/Step%iObject17Subject15Grasp5optimal0AreaIntersection.csv
handAndAlignment/transforms/obj17_sub15_grasp6_optimal0_object_transform.txt,sampleSTLs/Ball.STL,sampleSTLs/Ball_P.ply,handAndAlignment/hand/obj17_sub15_grasp6_optimal0.stl,17,15,6,optimal0,Output/Step%iObject17Subject15Grasp6optimal0AreaIntersection.csv
handAndAlignment/transforms/obj17_sub15_grasp7_optimal0_object_transform.txt,sampleSTLs/Ball.STL,sampleSTLs/Ball_P.ply,handAndAlignment/hand/obj17_sub15_grasp7_optimal0.stl,17,15,7,optimal0,Output/Step%iObject17Subject15Grasp7optimal0AreaIntersection.csv
handAndAlignment/transforms/obj17_sub9_grasp5_extreme0_object_transform.txt,sampleSTLs/Ball.STL,sampleSTLs/Ball_P.ply,handAndAlignment/hand/obj17_sub9_grasp5_extreme0.stl,17,9,5,extreme0,Output/Step%iObject17Subject9Grasp5extreme0AreaIntersection.csv
handAndAlignment/transforms/obj17_sub9_grasp5_extreme1_object_transform.txt,sampleSTLs/Ball.STL,sampleSTLs/Ball_P.ply,handAndAlignment/hand/obj17_sub9_grasp5_extreme1.stl,17,9,5,extreme1,Output/Step%iObject17Subject9Grasp5extreme1AreaIntersection.csv
handAndAlignment/transforms/obj17_sub9_grasp5_optimal0_object_transform.txt,sampleSTLs/Ball.STL,sampleSTLs/Ball_P.ply,handAndAlignment/hand/obj17_sub9_grasp5_optimal0.stl,17,9,5,optimal0,Output/Step%iObject17Subject9Grasp5optimal0AreaIntersection.csv
handAndAlignment/transforms/obj17_sub9_grasp6_optimal0_object_transform.txt,sampleSTLs/Ball.STL,sampleSTLs/Ball_P.ply,handAndAlignment/hand/obj17_sub9_grasp6_optimal0.stl,17,9,6,optimal0,Output/Step%iObject17Subject9Grasp6optimal0AreaIntersection.csv
handAndAlignment/transforms/obj17_sub9_grasp7_extreme0_object_transform.txt,sampleSTLs/Ball.STL,sampleSTLs/Ball_P.ply,handAndAlignment/hand/obj17_sub9_grasp7_extreme0.stl,17,9,7,extreme0,Output/Step%iObject17Subject9Grasp7extreme0AreaIntersection.csv
handAndAlignment/transforms/obj17_sub9_grasp7_extreme1_object_transform.txt,sampleSTLs/Ball.STL,sampleSTLs/Ball_P.ply,handAndAlignment/hand/obj17_sub9_grasp7_extreme1.stl,17,9,7,extreme1,Output/Step%iObject17Subject9Grasp7extreme1AreaIntersection.csv
handAndAlignment/transforms/obj17_sub9_grasp7_optimal0_object_transform.txt,sampleSTLs/Ball.STL,sampleSTLs/Ball_P.ply,handAndAlignment/hand/obj17_sub9_grasp7_optimal0.stl,17,9,7,optimal0,Output/Step%iObject17Subject9Grasp7optimal0AreaIntersection.csv
handAndAlignment/transforms/obj17_sub9_grasp8_extreme0_object_transform.txt,sampleSTLs/Ball.STL,sampleSTLs/Ball_P.ply,handAndAlignment/hand/obj17_sub9_grasp8_extreme0.stl,17,9,8,extreme0,Output/Step%iObject17Subject9Grasp8extreme0AreaIntersection.csv
handAndAlignment/transforms/obj17_sub9_grasp8_optimal0_object_transform.txt,sampleSTLs/Ball.STL,sampleSTLs/Ball_P.ply,handAndAlignment/hand/obj17_sub9_grasp8_optimal0.stl,17,9,8,optimal0,Output/Step%iObject17Subject9Grasp8optimal0AreaIntersection.csv
handAndAlignment/transforms/obj18_sub0_grasp3_extreme0_object_transform.txt,sampleSTLs/ThunderStick.STL,sampleSTLs/ThunderStick_P.ply,handAndAlignment/hand/obj18_sub0_grasp3_extreme0.stl,18,0,3,extreme0,Output/Step%iObject18Subject0Grasp3extreme0AreaIntersection.csv
handAndAlignment/transforms/obj18_sub0_grasp3_extreme1_object_transform.txt,sampleSTLs/ThunderStick.STL,sampleSTLs/ThunderStick_P.ply,handAndAlignment/hand/obj18_sub0_grasp3_extreme1.stl,18,0,3,extreme1,Output/Step%iObject18Subject0Grasp3extreme1AreaIntersection.csv
handAndAlignment/transforms/obj18_sub0_grasp3_optimal0_object_transform.txt,sampleSTLs/ThunderStick.STL,sampleSTLs/ThunderStick_P.ply,handAndAlignment/hand/obj18_sub0_grasp3_optimal0.stl,18,0,3,optimal0,Output/Step%iObject18Subject0Grasp3optimal0AreaIntersection.csv
handAndAlignment/transforms/obj18_sub0_grasp4_extreme0_object_transform.txt,sampleSTLs/ThunderStick.STL,sampleSTLs/ThunderStick_P.ply,handAndAlignment/hand/obj18_sub0_grasp4_extreme0.stl,18,0,4,extreme0,Output/Step%iObject18Subject0Grasp4extreme0AreaIntersection.csv
handAndAlignment/transforms/obj18_sub0_grasp4_extreme1_object_transform.txt,sampleSTLs/ThunderStick.STL,sampleSTLs/ThunderStick_P.ply,handAndAlignment/hand/obj18_sub0_grasp4_extreme1.stl,18,0,4,extreme1,Output/Step%iObject18Subject0Grasp4extreme1AreaIntersection.csv
handAndAlignment/transforms/obj18_sub0_grasp4_extreme2_object_transform.txt,sampleSTLs/ThunderStick.STL,sampleSTLs/ThunderStick_P.ply,handAndAlignment/hand/obj18_sub0_grasp4_extreme2.stl,18,0,4,extreme2,Output/Step%iObject18Subject0Grasp4extreme2AreaIntersection.csv
handAndAlignment/transforms/obj18_sub0_grasp4_optimal0_object_transform.txt,sampleSTLs/ThunderStick.STL,sampleSTLs/ThunderStick_P.ply,handAndAlignment/hand/obj18_sub0_grasp4_optimal0.stl,18,0,4,optimal0,Output/Step%iObject18Subject0Grasp4optimal0AreaIntersection.csv
handAndAlignment/transforms/obj18_sub0_grasp5_extreme0_object_transform.txt,sampleSTLs/ThunderStick.STL,sampleSTLs/ThunderStick_P.ply,handAndAlignment/hand/obj18_sub0_grasp5_extreme0.stl,18,0,5,extreme0,Output/Step%iObject18Subject0Grasp5extreme0AreaIntersection.csv
handAndAlignment/transforms/obj18_sub0_grasp5_extreme1_object_transform.txt,sampleSTLs/ThunderStick.STL,sampleSTLs/ThunderStick_P.ply,handAndAlignment/hand/obj18_sub0_grasp5_extreme1.stl,18,0,5,extreme1,Output/Step%iObject18Subject0Grasp5extreme1AreaIntersection.csv
handAndAlignment/transforms/obj18_sub0_grasp5_optimal0_object_transform.txt,sampleSTLs/ThunderStick.STL,sampleSTLs/ThunderStick_P.ply,handAndAlignment/hand/obj18_sub0_grasp5_optimal0.stl,18,0,5,optimal0,Output/Step%iObject18Subject0Grasp5optimal0AreaIntersection.csv
handAndAlignment/transforms/obj18_sub0_grasp6_extreme1_object_transform.txt,sampleSTLs/ThunderStick.STL,sampleSTLs/ThunderStick_P.ply,handAndAlignment/hand/obj18_sub0_grasp6_extreme1.stl,18,0,6,extreme1,Output/Step%iObject18Subject0Grasp6extreme1AreaIntersection.csv
handAndAlignment/transforms/obj18_sub0_grasp6_optimal0_object_transform.txt,sampleSTLs/ThunderStick.STL,sampleSTLs/ThunderStick_P.ply,handAndAlignment/hand/obj18_sub0_grasp6_optimal0.stl,18,0,6,optimal0,Output/Step%iObject18Subject0Grasp6optimal0AreaIntersection.csv
handAndAlignment/transforms/obj18_sub14_grasp1_extreme0_object_transform.txt,sampleSTLs/ThunderStick.STL,sampleSTLs/ThunderStick_P.ply,handAndAlignment/hand/obj18_sub14_grasp1_extreme0.stl,18,14,1,extreme0,Output/Step%iObject18Subject14Grasp1extreme0AreaIntersection.csv
handAndAlignment/transforms/obj18_sub14_grasp1_extreme1_object_transform.txt,sampleSTLs/ThunderStick.STL,sampleSTLs/ThunderStick_P.ply,handAndAlignment/hand/obj18_sub14_grasp1_extreme1.stl,18,14,1,extreme1,Output/Step%iObject18Subject14Grasp1extreme1AreaIntersection.csv
handAndAlignment/transforms/obj18_sub14_grasp1_optimal0_object_transform.txt,sampleSTLs/ThunderStick.STL,sampleSTLs/ThunderStick_P.ply,handAndAlignment/hand/obj18_sub14_grasp1_optimal0.stl,18,14,1,optimal0,Output/Step%iObject18Subject14Grasp1optimal0AreaIntersection.csv
handAndAlignment/transforms/obj18_sub14_grasp2_extreme0_object_transform.txt,sampleSTLs/ThunderStick.STL,sampleSTLs/ThunderStick_P.ply,handAndAlignment/hand/obj18_sub14_grasp2_extreme0.stl,18,14,2,extreme0,Output/Step%iObject18Subject14Grasp2extreme0AreaIntersection.csv
handAndAlignment/transforms/obj18_sub14_grasp2_extreme1_object_transform.txt,sampleSTLs/ThunderStick.STL,sampleSTLs/ThunderStick_P.ply,handAndAlignment/hand/obj18_sub14_grasp2_extreme1.stl,18,14,2,extreme1,Output/Step%iObject18Subject14Grasp2extreme1AreaIntersection.csv
handAndAlignment/transforms/obj18_sub14_grasp2_extreme2_object_transform.txt,sampleSTLs/ThunderStick.STL,sampleSTLs/ThunderStick_P.ply,handAndAlignment/hand/obj18_sub14_grasp2_extreme2.stl,18,14,2,extreme2,Output/Step%iObject18Subject14Grasp2extreme2AreaIntersection.csv
handAndAlignment/transforms/obj18_sub14_grasp2_extreme3_object_transform.txt,sampleSTLs/ThunderStick.STL,sampleSTLs/ThunderStick_P.ply,handAndAlignment/hand/obj18_sub14_grasp2_extreme3.stl,18,14,2,extreme3,Output/Step%iObject18Subject14Grasp2extreme3AreaIntersection.csv
handAndAlignment/transforms/obj18_sub14_grasp2_optimal0_object_transform.txt,sampleSTLs/ThunderStick.STL,sampleSTLs/ThunderStick_P.ply,handAndAlignment/hand/obj18_sub14_grasp2_optimal0.stl,18,14,2,optimal0,Output/Step%iObject18Subject14Grasp2optimal0AreaIntersection.csv
handAndAlignment/transforms/obj18_sub14_grasp2_optimal1_object_transform.txt,sampleSTLs/ThunderStick.STL,sampleSTLs/ThunderStick_P.ply,handAndAlignment/hand/obj18_sub14_grasp2_optimal1.stl,18,14,2,optimal1,Output/Step%iObject18Subject14Grasp2optimal1AreaIntersection.csv
handAndAlignment/transforms/obj18_sub14_grasp3_extreme0_object_transform.txt,sampleSTLs/ThunderStick.STL,sampleSTLs/ThunderStick_P.ply,handAndAlignment/hand/obj18_sub14_grasp3_extreme0.stl,18,14,3,extreme0,Output/Step%iObject18Subject14Grasp3extreme0AreaIntersection.csv
handAndAlignment/transforms/obj18_sub14_grasp3_extreme1_object_transform.txt,sampleSTLs/ThunderStick.STL,sampleSTLs/ThunderStick_P.ply,handAndAlignment/hand/obj18_sub14_grasp3_extreme1.stl,18,14,3,extreme1,Output/Step%iObject18Subject14Grasp3extreme1AreaIntersection.csv
handAndAlignment/transforms/obj18_sub14_grasp3_optimal0_object_transform.txt,sampleSTLs/ThunderStick.STL,sampleSTLs/ThunderStick_P.ply,handAndAlignment/hand/obj18_sub14_grasp3_optimal0.stl,18,14,3,optimal0,Output/Step%iObject18Subject14Grasp3optimal0AreaIntersection.csv
handAndAlignment/transforms/obj18_sub14_grasp4_extreme0_object_transform.txt,sampleSTLs/ThunderStick.STL,sampleSTLs/ThunderStick_P.ply,handAndAlignment/hand/obj18_sub14_grasp4_extreme0.stl,18,14,4,extreme0,Output/Step%iObject18Subject14Grasp4extreme0AreaIntersection.csv
handAndAlignment/transforms/obj18_sub14_grasp4_optimal0_object_transform.txt,sampleSTLs/ThunderStick.STL,sampleSTLs/ThunderStick_P.ply,handAndAlignment/hand/obj18_sub14_grasp4_optimal0.stl,18,14,4,optimal0,Output/Step%iObject18Subject14Grasp4optimal0AreaIntersection.csv
handAndAlignment/transforms/obj18_sub14_grasp5_optimal0_object_transform.txt,sampleSTLs/ThunderStick.STL,sampleSTLs/ThunderStick_P.ply,handAndAlignment/hand/obj18_sub14_grasp5_optimal0.stl,18,14,5,optimal0,Output/Step%iObject18Subject14Grasp5optimal0AreaIntersection.csv
handAndAlignment/transforms/obj19_sub11_grasp10_optimal0_object_transform.txt,sampleSTLs/SnowMan.STL,sampleSTLs/SnowMan_P.ply,handAndAlignment/hand/obj19_sub11_grasp10_optimal0.stl,19,11,10,optimal0,Output/Step%iObject19Subject11Grasp10optimal0AreaIntersection.csv
handAndAlignment/transforms/obj19_sub11_grasp11_extreme0_object_transform.txt,sampleSTLs/SnowMan.STL,sampleSTLs/SnowMan_P.ply,handAndAlignment/hand/obj19_sub11_grasp11_extreme0.stl,19,11,11,extreme0,Output/Step%iObject19Subject11Grasp11extreme0AreaIntersection.csv
handAndAlignment/transforms/obj19_sub11_grasp11_optimal0_object_transform.txt,sampleSTLs/SnowMan.STL,sampleSTLs/SnowMan_P.ply,handAndAlignment/hand/obj19_sub11_grasp11_optimal0.stl,19,11,11,optimal0,Output/Step%iObject19Subject11Grasp11optimal0AreaIntersection.csv
handAndAlignment/transforms/obj19_sub11_grasp12_extreme0_object_transform.txt,sampleSTLs/SnowMan.STL,sampleSTLs/SnowMan_P.ply,handAndAlignment/hand/obj19_sub11_grasp12_extreme0.stl,19,11,12,extreme0,Output/Step%iObject19Subject11Grasp12extreme0AreaIntersection.csv
handAndAlignment/transforms/obj19_sub11_grasp12_extreme1_object_transform.txt,sampleSTLs/SnowMan.STL,sampleSTLs/SnowMan_P.ply,handAndAlignment/hand/obj19_sub11_grasp12_extreme1.stl,19,11,12,extreme1,Output/Step%iObject19Subject11Grasp12extreme1AreaIntersection.csv
handAndAlignment/transforms/obj19_sub11_grasp12_optimal0_object_transform.txt,sampleSTLs/SnowMan.STL,sampleSTLs/SnowMan_P.ply,handAndAlignment/hand/obj19_sub11_grasp12_optimal0.stl,19,11,12,optimal0,Output/Step%iObject19Subject11Grasp12optimal0AreaIntersection.csv
handAndAlignment/transforms/obj19_sub11_grasp13_optimal0_object_transform.txt,sampleSTLs/SnowMan.STL,sampleSTLs/SnowMan_P.ply,handAndAlignment/hand/obj19_sub11_grasp13_optimal0.stl,19,11,13,optimal0,Output/Step%iObject19Subject11Grasp13optimal0AreaIntersection.csv
handAndAlignment/transforms/obj19_sub11_grasp14_optimal0_object_transform.txt,sampleSTLs/SnowMan.STL,sampleSTLs/SnowMan_P.ply,handAndAlignment/hand/obj19_sub11_grasp14_optimal0.stl,19,11,14,optimal0,Output/Step%iObject19Subject11Grasp14optimal0AreaIntersection.csv
handAndAlignment/transforms/obj19_sub11_grasp8_extreme0_object_transform.txt,sampleSTLs/SnowMan.STL,sampleSTLs/SnowMan_P.ply,handAndAlignment/hand/obj19_sub11_grasp8_extreme0.stl,19,11,8,extreme0,Output/Step%iObject19Subject11Grasp8extreme0AreaIntersection.csv
handAndAlignment/transforms/obj19_sub11_grasp8_extreme1_object_transform.txt,sampleSTLs/SnowMan.STL,sampleSTLs/SnowMan_P.ply,handAndAlignment/hand/obj19_sub11_grasp8_extreme1.stl,19,11,8,extreme1,Output/Step%iObject19Subject11Grasp8extreme1AreaIntersection.csv
handAndAlignment/transforms/obj19_sub11_grasp8_optimal0_object_transform.txt,sampleSTLs/SnowMan.STL,sampleSTLs/SnowMan_P.ply,handAndAlignment/hand/obj19_sub11_grasp8_optimal0.stl,19,11,8,optimal0,Output/Step%iObject19Subject11Grasp8optimal0AreaIntersection.csv
handAndAlignment/transforms/obj19_sub11_grasp9_optimal0_object_transform.txt,sampleSTLs/SnowMan.STL,sampleSTLs/SnowMan_P.ply,handAndAlignment/hand/obj19_sub11_grasp9_optimal0.stl,19,11,9,optimal0,Output/Step%iObject19Subject11Grasp9optimal0AreaIntersection.csv
handAndAlignment/transforms/obj19_sub9_grasp1_extreme0_object_transform.txt,sampleSTLs/SnowMan.STL,sampleSTLs/SnowMan_P.ply,handAndAlignment/hand/obj19_sub9_grasp1_extreme0.stl,19,9,1,extreme0,Output/Step%iObject19Subject9Grasp1extreme0AreaIntersection.csv
handAndAlignment/transforms/obj19_sub9_grasp1_extreme1_object_transform.txt,sampleSTLs/SnowMan.STL,sampleSTLs/SnowMan_P.ply,handAndAlignment/hand/obj19_sub9_grasp1_extreme1.stl,19,9,1,extreme1,Output/Step%iObject19Subject9Grasp1extreme1AreaIntersection.csv
handAndAlignment/transforms/obj19_sub9_grasp1_optimal0_object_transform.txt,sampleSTLs/SnowMan.STL,sampleSTLs/SnowMan_P.ply,handAndAlignment/hand/obj19_sub9_grasp1_optimal0.stl,19,9,1,optimal0,Output/Step%iObject19Subject9Grasp1optimal0AreaIntersection.csv
handAndAlignment/transforms/obj19_sub9_grasp2_optimal0_object_transform.txt,sampleSTLs/SnowMan.STL,sampleSTLs/SnowMan_P.ply,handAndAlignment/hand/obj19_sub9_grasp2_optimal0.stl,19,9,2,optimal0,Output/Step%iObject19Subject9Grasp2optimal0AreaIntersection.csv
handAndAlignment/transforms/obj19_sub9_grasp3_optimal0_object_transform.txt,sampleSTLs/SnowMan.STL,sampleSTLs/SnowMan_P.ply,handAndAlignment/hand/obj19_sub9_grasp3_optimal0.stl,19,9,3,optimal0,Output/Step%iObject19Subject9Grasp3optimal0AreaIntersection.csv
handAndAlignment/transforms/obj19_sub9_grasp4_extreme0_object_transform.txt,sampleSTLs/SnowMan.STL,sampleSTLs/SnowMan_P.ply,handAndAlignment/hand/obj19_sub9_grasp4_extreme0.stl,19,9,4,extreme0,Output/Step%iObject19Subject9Grasp4extreme0AreaIntersection.csv
handAndAlignment/transforms/obj19_sub9_grasp4_optimal0_object_transform.txt,sampleSTLs/SnowMan.STL,sampleSTLs/SnowMan_P.ply,handAndAlignment/hand/obj19_sub9_grasp4_optimal0.stl,19,9,4,optimal0,Output/Step%iObject19Subject9Grasp4optimal0AreaIntersection.csv
handAndAlignment/transforms/obj19_sub9_grasp5_extreme0_object_transform.txt,sampleSTLs/SnowMan.STL,sampleSTLs/SnowMan_P.ply,handAndAlignment/hand/obj19_sub9_grasp5_extreme0.stl,19,9,5,extreme0,Output/Step%iObject19Subject9Grasp5extreme0AreaIntersection.csv
handAndAlignment/transforms/obj19_sub9_grasp5_optimal0_object_transform.txt,sampleSTLs/SnowMan.STL,sampleSTLs/SnowMan_P.ply,handAndAlignment/hand/obj19_sub9_grasp5_optimal0.stl,19,9,5,optimal0,Output/Step%iObject19Subject9Grasp5optimal0AreaIntersection.csv
handAndAlignment/transforms/obj19_sub9_grasp6_extreme0_object_transform.txt,sampleSTLs/SnowMan.STL,sampleSTLs/SnowMan_P.ply,handAndAlignment/hand/obj19_sub9_grasp6_extreme0.stl,19,9,6,extreme0,Output/Step%iObject19Subject9Grasp6extreme0AreaIntersection.csv
handAndAlignment/transforms/obj19_sub9_grasp6_extreme1_object_transform.txt,sampleSTLs/SnowMan.STL,sampleSTLs/SnowMan_P.ply,handAndAlignment/hand/obj19_sub9_grasp6_extreme1.stl,19,9,6,extreme1,Output/Step%iObject19Subject9Grasp6extreme1AreaIntersection.csv
handAndAlignment/transforms/obj19_sub9_grasp6_optimal0_object_transform.txt,sampleSTLs/SnowMan.STL,sampleSTLs/SnowMan_P.ply,handAndAlignment/hand/obj19_sub9_grasp6_optimal0.stl,19,9,6,optimal0,Output/Step%iObject19Subject9Grasp6optimal0AreaIntersection.csv
handAndAlignment/transforms/obj19_sub9_grasp7_extreme0_object_transform.txt,sampleSTLs/SnowMan.STL,sampleSTLs/SnowMan_P.ply,handAndAlignment/hand/obj19_sub9_grasp7_extreme0.stl,19,9,7,extreme0,Output/Step%iObject19Subject9Grasp7extreme0AreaIntersection.csv
handAndAlignment/transforms/obj19_sub9_grasp7_extreme1_object_transform.txt,sampleSTLs/SnowMan.STL,sampleSTLs/SnowMan_P.ply,handAndAlignment/hand/obj19_sub9_grasp7_extreme1.stl,19,9,7,extreme1,Output/Step%iObject19Subject9Grasp7extreme1AreaIntersection.csv
handAndAlignment/transforms/obj19_sub9_grasp7_optimal0_object_transform.txt,sampleSTLs/SnowMan.STL,sampleSTLs/SnowMan_P.ply,handAndAlignment/hand/obj19_sub9_grasp7_optimal0.stl,19,9,7,optimal0,Output/Step%iObject19Subject9Grasp7optimal0AreaIntersection.csv
handAndAlignment/transforms/obj19_sub9_grasp8_optimal0_object_transform.txt,sampleSTLs/SnowMan.STL,sampleSTLs/SnowMan_P.ply,handAndAlignment/hand/obj19_sub9_grasp8_optimal0.stl,19,9,8,optimal0,Output/Step%iObject19Subject9Grasp8optimal0AreaIntersection.csv
handAndAlignment/transforms/obj1_sub7_grasp1_extreme0_object_transform.txt,sampleSTLs/PitcherAssm.STL,sampleSTLs/PitcherAssm_P.ply,handAndAlignment/hand/obj1_sub7_grasp1_extreme0.stl,1,7,1,extreme0,Output/Step%iObject1Subject7Grasp1extreme0AreaIntersection.csv
handAndAlignment/transforms/obj1_sub7_grasp1_optimal0_object_transform.txt,sampleSTLs/PitcherAssm.STL,sampleSTLs/PitcherAssm_P.ply,handAndAlignment/hand/obj1_sub7_grasp1_optimal0.stl,1,7,1,optimal0,Output/Step%iObject1Subject7Grasp1optimal0AreaIntersection.csv
handAndAlignment/transforms/obj1_sub7_grasp2_extreme0_object_transform.txt,sampleSTLs/PitcherAssm.STL,sampleSTLs/PitcherAssm_P.ply,handAndAlignment/hand/obj1_sub7_grasp2_extreme0.stl,1,7,2,extreme0,Output/Step%iObject1Subject7Grasp2extreme0AreaIntersection.csv
handAndAlignment/transforms/obj1_sub7_grasp2_extreme1_object_transform.txt,sampleSTLs/PitcherAssm.STL,sampleSTLs/PitcherAssm_P.ply,handAndAlignment/hand/obj1_sub7_grasp2_extreme1.stl,1,7,2,extreme1,Output/Step%iObject1Subject7Grasp2extreme1AreaIntersection.csv
handAndAlignment/transforms/obj1_sub7_grasp2_optimal0_object_transform.txt,sampleSTLs/PitcherAssm.STL,sampleSTLs/PitcherAssm_P.ply,handAndAlignment/hand/obj1_sub7_grasp2_optimal0.stl,1,7,2,optimal0,Output/Step%iObject1Subject7Grasp2optimal0AreaIntersection.csv
handAndAlignment/transforms/obj1_sub7_grasp3_extreme0_object_transform.txt,sampleSTLs/PitcherAssm.STL,sampleSTLs/PitcherAssm_P.ply,handAndAlignment/hand/obj1_sub7_grasp3_extreme0.stl,1,7,3,extreme0,Output/Step%iObject1Subject7Grasp3extreme0AreaIntersection.csv
handAndAlignment/transforms/obj1_sub7_grasp3_extreme1_object_transform.txt,sampleSTLs/PitcherAssm.STL,sampleSTLs/PitcherAssm_P.ply,handAndAlignment/hand/obj1_sub7_grasp3_extreme1.stl,1,7,3,extreme1,Output/Step%iObject1Subject7Grasp3extreme1AreaIntersection.csv
handAndAlignment/transforms/obj1_sub7_grasp3_optimal0_object_transform.txt,sampleSTLs/PitcherAssm.STL,sampleSTLs/PitcherAssm_P.ply,handAndAlignment/hand/obj1_sub7_grasp3_optimal0.stl,1,7,3,optimal0,Output/Step%iObject1Subject7Grasp3optimal0AreaIntersection.csv
handAndAlignment/transforms/obj1_sub7_grasp4_optimal0_object_transform.txt,sampleSTLs/PitcherAssm.STL,sampleSTLs/PitcherAssm_P.ply,handAndAlignment/hand/obj1_sub7_grasp4_optimal0.stl,1,7,4,optimal0,Output/Step%iObject1Subject7Grasp4optimal0AreaIntersection.csv
handAndAlignment/transforms/obj1_sub7_grasp5_extreme0_object_transform.txt,sampleSTLs/PitcherAssm.STL,sampleSTLs/PitcherAssm_P.ply,handAndAlignment/hand/obj1_sub7_grasp5_extreme0.stl,1,7,5,extreme0,Output/Step%iObject1Subject7Grasp5extreme0AreaIntersection.csv
handAndAlignment/transforms/obj1_sub7_grasp5_optimal0_object_transform.txt,sampleSTLs/PitcherAssm.STL,sampleSTLs/PitcherAssm_P.ply,handAndAlignment/hand/obj1_sub7_grasp5_optimal0.stl,1,7,5,optimal0,Output/Step%iObject1Subject7Grasp5optimal0AreaIntersection.csv
handAndAlignment/transforms/obj1_sub8_grasp10_extreme0_object_transform.txt,sampleSTLs/PitcherAssm.STL,sampleSTLs/PitcherAssm_P.ply,handAndAlignment/hand/obj1_sub8_grasp10_extreme0.stl,1,8,10,extreme0,Output/Step%iObject1Subject8Grasp10extreme0AreaIntersection.csv
handAndAlignment/transforms/obj1_sub8_grasp10_optimal0_object_transform.txt,sampleSTLs/PitcherAssm.STL,sampleSTLs/PitcherAssm_P.ply,handAndAlignment/hand/obj1_sub8_grasp10_optimal0.stl,1,8,10,optimal0,Output/Step%iObject1Subject8Grasp10optimal0AreaIntersection.csv
handAndAlignment/transforms/obj1_sub8_grasp6_optimal0_object_transform.txt,sampleSTLs/PitcherAssm.STL,sampleSTLs/PitcherAssm_P.ply,handAndAlignment/hand/obj1_sub8_grasp6_optimal0.stl,1,8,6,optimal0,Output/Step%iObject1Subject8Grasp6optimal0AreaIntersection.csv
handAndAlignment/transforms/obj1_sub8_grasp7_optimal0_object_transform.txt,sampleSTLs/PitcherAssm.STL,sampleSTLs/PitcherAssm_P.ply,handAndAlignment/hand/obj1_sub8_grasp7_optimal0.stl,1,8,7,optimal0,Output/Step%iObject1Subject8Grasp7optimal0AreaIntersection.csv
handAndAlignment/transforms/obj1_sub8_grasp8_optimal0_object_transform.txt,sampleSTLs/PitcherAssm.STL,sampleSTLs/PitcherAssm_P.ply,handAndAlignment/hand/obj1_sub8_grasp8_optimal0.stl,1,8,8,optimal0,Output/Step%iObject1Subject8Grasp8optimal0AreaIntersection.csv
handAndAlignment/transforms/obj1_sub8_grasp9_extreme0_object_transform.txt,sampleSTLs/PitcherAssm.STL,sampleSTLs/PitcherAssm_P.ply,handAndAlignment/hand/obj1_sub8_grasp9_extreme0.stl,1,8,9,extreme0,Output/Step%iObject1Subject8Grasp9extreme0AreaIntersection.csv
handAndAlignment/transforms/obj1_sub8_grasp9_optimal0_object_transform.txt,sampleSTLs/PitcherAssm.STL,sampleSTLs/PitcherAssm_P.ply,handAndAlignment/hand/obj1_sub8_grasp9_optimal0.stl,1,8,9,optimal0,Output/Step%iObject1Subject8Grasp9optimal0AreaIntersection.csv
handAndAlignment/transforms/obj1_sub8_grasp9_optimal1_object_transform.txt,sampleSTLs/PitcherAssm.STL,sampleSTLs/PitcherAssm_P.ply,handAndAlignment/hand/obj1_sub8_grasp9_optimal1.stl,1,8,9,optimal1,Output/Step%iObject1Subject8Grasp9optimal1AreaIntersection.csv
handAndAlignment/transforms/obj22_sub14_grasp10_extreme0_object_transform.txt,sampleSTLs/TapeRoll.STL,sampleSTLs/TapeRoll_P.ply,handAndAlignment/hand/obj22_sub14_grasp10_extreme0.stl,22,14,10,extreme0,Output/Step%iObject22Subject14Grasp10extreme0AreaIntersection.csv
handAndAlignment/transforms/obj22_sub14_grasp10_optimal0_object_transform.txt,sampleSTLs/TapeRoll.STL,sampleSTLs/TapeRoll_P.ply,handAndAlignment/hand/obj22_sub14_grasp10_optimal0.stl,22,14,10,optimal0,Output/Step%iObject22Subject14Grasp10optimal0AreaIntersection.csv
handAndAlignment/transforms/obj22_sub14_grasp11_optimal0_object_transform.txt,sampleSTLs/TapeRoll.STL,sampleSTLs/TapeRoll_P.ply,handAndAlignment/hand/obj22_sub14_grasp11_optimal0.stl,22,14,11,optimal0,Output/Step%iObject22Subject14Grasp11optimal0AreaIntersection.csv
handAndAlignment/transforms/obj22_sub14_grasp1_extreme0_object_transform.txt,sampleSTLs/TapeRoll.STL,sampleSTLs/TapeRoll_P.ply,handAndAlignment/hand/obj22_sub14_grasp1_extreme0.stl,22,14,1,extreme0,Output/Step%iObject22Subject14Grasp1extreme0AreaIntersection.csv
handAndAlignment/transforms/obj22_sub14_grasp1_optimal0_object_transform.txt,sampleSTLs/TapeRoll.STL,sampleSTLs/TapeRoll_P.ply,handAndAlignment/hand/obj22_sub14_grasp1_optimal0.stl,22,14,1,optimal0,Output/Step%iObject22Subject14Grasp1optimal0AreaIntersection.csv
handAndAlignment/transforms/obj22_sub14_grasp2_optimal0_object_transform.txt,sampleSTLs/TapeRoll.STL,sampleSTLs/TapeRoll_P.ply,handAndAlignment/hand/obj22_sub14_grasp2_optimal0.stl,22,14,2,optimal0,Output/Step%iObject22Subject14Grasp2optimal0AreaIntersection.csv
handAndAlignment/transforms/obj22_sub14_grasp3_optimal0_object_transform.txt,sampleSTLs/TapeRoll.STL,sampleSTLs/TapeRoll_P.ply,handAndAlignment/hand/obj22_sub14_grasp3_optimal0.stl,22,14,3,optimal0,Output/Step%iObject22Subject14Grasp3optimal0AreaIntersection.csv
handAndAlignment/transforms/obj22_sub14_grasp4_optimal0_object_transform.txt,sampleSTLs/TapeRoll.STL,sampleSTLs/TapeRoll_P.ply,handAndAlignment/hand/obj22_sub14_grasp4_optimal0.stl,22,14,4,optimal0,Output/Step%iObject22Subject14Grasp4optimal0AreaIntersection.csv
handAndAlignment/transforms/obj22_sub14_grasp5_optimal0_object_transform.txt,sampleSTLs/TapeRoll.STL,sampleSTLs/TapeRoll_P.ply,handAndAlignment/hand/obj22_sub14_grasp5_optimal0.stl,22,14,5,optimal0,Output/Step%iObject22Subject14Grasp5optimal0AreaIntersection.csv
handAndAlignment/transforms/obj22_sub14_grasp6_optimal0_object_transform.txt,sampleSTLs/TapeRoll.STL,sampleSTLs/TapeRoll_P.ply,handAndAlignment/hand/obj22_sub14_grasp6_optimal0.stl,22,14,6,optimal0,Output/Step%iObject22Subject14Grasp6optimal0AreaIntersection.csv
handAndAlignment/transforms/obj22_sub14_grasp7_extreme0_object_transform.txt,sampleSTLs/TapeRoll.STL,sampleSTLs/TapeRoll_P.ply,handAndAlignment/hand/obj22_sub14_grasp7_extreme0.stl,22,14,7,extreme0,Output/Step%iObject22Subject14Grasp7extreme0AreaIntersection.csv
handAndAlignment/transforms/obj22_sub14_grasp7_optimal0_object_transform.txt,sampleSTLs/TapeRoll.STL,sampleSTLs/TapeRoll_P.ply,handAndAlignment/hand/obj22_sub14_grasp7_optimal0.stl,22,14,7,optimal0,Output/Step%iObject22Subject14Grasp7optimal0AreaIntersection.csv
handAndAlignment/transforms/obj22_sub14_grasp8_optimal0_object_transform.txt,sampleSTLs/TapeRoll.STL,sampleSTLs/TapeRoll_P.ply,handAndAlignment/hand/obj22_sub14_grasp8_optimal0.stl,22,14,8,optimal0,Output/Step%iObject22Subject14Grasp8optimal0AreaIntersection.csv
handAndAlignment/transforms/obj22_sub14_grasp9_optimal0_object_transform.txt,sampleSTLs/TapeRoll.STL,sampleSTLs/TapeRoll_P.ply,handAndAlignment/hand/obj22_sub14_grasp9_optimal0.stl,22,14,9,optimal0,Output/Step%iObject22Subject14Grasp9optimal0AreaIntersection.csv
handAndAlignment/transforms/obj2_sub4_grasp6_extreme0_object_transform.txt,sampleSTLs/SprayBottle.STL,sampleSTLs/SprayBottle_P.ply,handAndAlignment/hand/obj2_sub4_grasp6_extreme0.stl,2,4,6,extreme0,Output/Step%iObject2Subject4Grasp6extreme0AreaIntersection.csv
handAndAlignment/transforms/obj2_sub4_grasp6_extreme1_object_transform.txt,sampleSTLs/SprayBottle.STL,sampleSTLs/SprayBottle_P.ply,handAndAlignment/hand/obj2_sub4_grasp6_extreme1.stl,2,4,6,extreme1,Output/Step%iObject2Subject4Grasp6extreme1AreaIntersection.csv
handAndAlignment/transforms/obj2_sub4_grasp6_optimal0_object_transform.txt,sampleSTLs/SprayBottle.STL,sampleSTLs/SprayBottle_P.ply,handAndAlignment/hand/obj2_sub4_grasp6_optimal0.stl,2,4,6,optimal0,Output/Step%iObject2Subject4Grasp6optimal0AreaIntersection.csv
handAndAlignment/transforms/obj2_sub4_grasp6_optimal1_object_transform.txt,sampleSTLs/SprayBottle.STL,sampleSTLs/SprayBottle_P.ply,handAndAlignment/hand/obj2_sub4_grasp6_optimal1.stl,2,4,6,optimal1,Output/Step%iObject2Subject4Grasp6optimal1AreaIntersection.csv
handAndAlignment/transforms/obj2_sub4_grasp7_optimal0_object_transform.txt,sampleSTLs/SprayBottle.STL,sampleSTLs/SprayBottle_P.ply,handAndAlignment/hand/obj2_sub4_grasp7_optimal0.stl,2,4,7,optimal0,Output/Step%iObject2Subject4Grasp7optimal0AreaIntersection.csv
handAndAlignment/transforms/obj2_sub4_grasp8_optimal0_object_transform.txt,sampleSTLs/SprayBottle.STL,sampleSTLs/SprayBottle_P.ply,handAndAlignment/hand/obj2_sub4_grasp8_optimal0.stl,2,4,8,optimal0,Output/Step%iObject2Subject4Grasp8optimal0AreaIntersection.csv
handAndAlignment/transforms/obj2_sub5_grasp1_optimal0_object_transform.txt,sampleSTLs/SprayBottle.STL,sampleSTLs/SprayBottle_P.ply,handAndAlignment/hand/obj2_sub5_grasp1_optimal0.stl,2,5,1,optimal0,Output/Step%iObject2Subject5Grasp1optimal0AreaIntersection.csv
handAndAlignment/transforms/obj2_sub5_grasp2_extreme0_object_transform.txt,sampleSTLs/SprayBottle.STL,sampleSTLs/SprayBottle_P.ply,handAndAlignment/hand/obj2_sub5_grasp2_extreme0.stl,2,5,2,extreme0,Output/Step%iObject2Subject5Grasp2extreme0AreaIntersection.csv
handAndAlignment/transforms/obj2_sub5_grasp2_extreme1_object_transform.txt,sampleSTLs/SprayBottle.STL,sampleSTLs/SprayBottle_P.ply,handAndAlignment/hand/obj2_sub5_grasp2_extreme1.stl,2,5,2,extreme1,Output/Step%iObject2Subject5Grasp2extreme1AreaIntersection.csv
handAndAlignment/transforms/obj2_sub5_grasp2_optimal0_object_transform.txt,sampleSTLs/SprayBottle.STL,sampleSTLs/SprayBottle_P.ply,handAndAlignment/hand/obj2_sub5_grasp2_optimal0.stl,2,5,2,optimal0,Output/Step%iObject2Subject5Grasp2optimal0AreaIntersection.csv
handAndAlignment/transforms/obj2_sub5_grasp3_extreme0_object_transform.txt,sampleSTLs/SprayBottle.STL,sampleSTLs/SprayBottle_P.ply,handAndAlignment/hand/obj2_sub5_grasp3_extreme0.stl,2,5,3,extreme0,Output/Step%iObject2Subject5Grasp3extreme0AreaIntersection.csv
handAndAlignment/transforms/obj2_sub5_grasp4_extreme0_object_transform.txt,sampleSTLs/SprayBottle.STL,sampleSTLs/SprayBottle_P.ply,handAndAlignment/hand/obj2_sub5_grasp4_extreme0.stl,2,5,4,extreme0,Output/Step%iObject2Subject5Grasp4extreme0AreaIntersection.csv
handAndAlignment/transforms/obj2_sub5_grasp4_extreme1_object_transform.txt,sampleSTLs/SprayBottle.STL,sampleSTLs/SprayBottle_P.ply,handAndAlignment/hand/obj2_sub5_grasp4_extreme1.stl,2,5,4,extreme1,Output/Step%iObject2Subject5Grasp4extreme1AreaIntersection.csv
handAndAlignment/transforms/obj2_sub5_grasp4_optimal0_object_transform.txt,sampleSTLs/SprayBottle.STL,sampleSTLs/SprayBottle_P.ply,handAndAlignment/hand/obj2_sub5_grasp4_optimal0.stl,2,5,4,optimal0,Output/Step%iObject2Subject5Grasp4optimal0AreaIntersection.csv
handAndAlignment/transforms/obj2_sub6_grasp1_optimal0_object_transform.txt,sampleSTLs/SprayBottle.STL,sampleSTLs/SprayBottle_P.ply,handAndAlignment/hand/obj2_sub6_grasp1_optimal0.stl,2,6,1,optimal0,Output/Step%iObject2Subject6Grasp1optimal0AreaIntersection.csv
handAndAlignment/transforms/obj2_sub6_grasp2_optimal0_object_transform.txt,sampleSTLs/SprayBottle.STL,sampleSTLs/SprayBottle_P.ply,handAndAlignment/hand/obj2_sub6_grasp2_optimal0.stl,2,6,2,optimal0,Output/Step%iObject2Subject6Grasp2optimal0AreaIntersection.csv
handAndAlignment/transforms/obj2_sub6_grasp3_extreme0_object_transform.txt,sampleSTLs/SprayBottle.STL,sampleSTLs/SprayBottle_P.ply,handAndAlignment/hand/obj2_sub6_grasp3_extreme0.stl,2,6,3,extreme0,Output/Step%iObject2Subject6Grasp3extreme0AreaIntersection.csv
handAndAlignment/transforms/obj2_sub6_grasp3_extreme1_object_transform.txt,sampleSTLs/SprayBottle.STL,sampleSTLs/SprayBottle_P.ply,handAndAlignment/hand/obj2_sub6_grasp3_extreme1.stl,2,6,3,extreme1,Output/Step%iObject2Subject6Grasp3extreme1AreaIntersection.csv
handAndAlignment/transforms/obj2_sub6_grasp3_optimal0_object_transform.txt,sampleSTLs/SprayBottle.STL,sampleSTLs/SprayBottle_P.ply,handAndAlignment/hand/obj2_sub6_grasp3_optimal0.stl,2,6,3,optimal0,Output/Step%iObject2Subject6Grasp3optimal0AreaIntersection.csv
handAndAlignment/transforms/obj2_sub6_grasp4_optimal0_object_transform.txt,sampleSTLs/SprayBottle.STL,sampleSTLs/SprayBottle_P.ply,handAndAlignment/hand/obj2_sub6_grasp4_optimal0.stl,2,6,4,optimal0,Output/Step%iObject2Subject6Grasp4optimal0AreaIntersection.csv
handAndAlignment/transforms/obj2_sub6_grasp4_optimal1_object_transform.txt,sampleSTLs/SprayBottle.STL,sampleSTLs/SprayBottle_P.ply,handAndAlignment/hand/obj2_sub6_grasp4_optimal1.stl,2,6,4,optimal1,Output/Step%iObject2Subject6Grasp4optimal1AreaIntersection.csv
handAndAlignment/transforms/obj2_sub6_grasp5_optimal0_object_transform.txt,sampleSTLs/SprayBottle.STL,sampleSTLs/SprayBottle_P.ply,handAndAlignment/hand/obj2_sub6_grasp5_optimal0.stl,2,6,5,optimal0,Output/Step%iObject2Subject6Grasp5optimal0AreaIntersection.csv
handAndAlignment/transforms/obj2_sub6_grasp6_optimal0_object_transform.txt,sampleSTLs/SprayBottle.STL,sampleSTLs/SprayBottle_P.ply,handAndAlignment/hand/obj2_sub6_grasp6_optimal0.stl,2,6,6,optimal0,Output/Step%iObject2Subject6Grasp6optimal0AreaIntersection.csv
handAndAlignment/transforms/obj3_sub7_grasp10_optimal0_object_transform.txt,sampleSTLs/PringlesCan.STL,sampleSTLs/PringlesCan_P.ply,handAndAlignment/hand/obj3_sub7_grasp10_optimal0.stl,3,7,10,optimal0,Output/Step%iObject3Subject7Grasp10optimal0AreaIntersection.csv
handAndAlignment/transforms/obj3_sub7_grasp11_extreme0_object_transform.txt,sampleSTLs/PringlesCan.STL,sampleSTLs/PringlesCan_P.ply,handAndAlignment/hand/obj3_sub7_grasp11_extreme0.stl,3,7,11,extreme0,Output/Step%iObject3Subject7Grasp11extreme0AreaIntersection.csv
handAndAlignment/transforms/obj3_sub7_grasp11_optimal0_object_transform.txt,sampleSTLs/PringlesCan.STL,sampleSTLs/PringlesCan_P.ply,handAndAlignment/hand/obj3_sub7_grasp11_optimal0.stl,3,7,11,optimal0,Output/Step%iObject3Subject7Grasp11optimal0AreaIntersection.csv
handAndAlignment/transforms/obj3_sub7_grasp12_extreme0_object_transform.txt,sampleSTLs/PringlesCan.STL,sampleSTLs/PringlesCan_P.ply,handAndAlignment/hand/obj3_sub7_grasp12_extreme0.stl,3,7,12,extreme0,Output/Step%iObject3Subject7Grasp12extreme0AreaIntersection.csv
handAndAlignment/transforms/obj3_sub7_grasp12_extreme1_object_transform.txt,sampleSTLs/PringlesCan.STL,sampleSTLs/PringlesCan_P.ply,handAndAlignment/hand/obj3_sub7_grasp12_extreme1.stl,3,7,12,extreme1,Output/Step%iObject3Subject7Grasp12extreme1AreaIntersection.csv
handAndAlignment/transforms/obj3_sub7_grasp12_optimal0_object_transform.txt,sampleSTLs/PringlesCan.STL,sampleSTLs/PringlesCan_P.ply,handAndAlignment/hand/obj3_sub7_grasp12_optimal0.stl,3,7,12,optimal0,Output/Step%iObject3Subject7Grasp12optimal0AreaIntersection.csv
handAndAlignment/transforms/obj3_sub7_grasp7_extreme0_object_transform.txt,sampleSTLs/PringlesCan.STL,sampleSTLs/PringlesCan_P.ply,handAndAlignment/hand/obj3_sub7_grasp7_extreme0.stl,3,7,7,extreme0,Output/Step%iObject3Subject7Grasp7extreme0AreaIntersection.csv
handAndAlignment/transforms/obj3_sub7_grasp7_extreme1_object_transform.txt,sampleSTLs/PringlesCan.STL,sampleSTLs/PringlesCan_P.ply,handAndAlignment/hand/obj3_sub7_grasp7_extreme1.stl,3,7,7,extreme1,Output/Step%iObject3Subject7Grasp7extreme1AreaIntersection.csv
handAndAlignment/transforms/obj3_sub7_grasp7_optimal0_object_transform.txt,sampleSTLs/PringlesCan.STL,sampleSTLs/PringlesCan_P.ply,handAndAlignment/hand/obj3_sub7_grasp7_optimal0.stl,3,7,7,optimal0,Output/Step%iObject3Subject7Grasp7optimal0AreaIntersection.csv
handAndAlignment/transforms/obj3_sub7_grasp8_extreme0_object_transform.txt,sampleSTLs/PringlesCan.STL,sampleSTLs/PringlesCan_P.ply,handAndAlignment/hand/obj3_sub7_grasp8_extreme0.stl,3,7,8,extreme0,Output/Step%iObject3Subject7Grasp8extreme0AreaIntersection.csv
handAndAlignment/transforms/obj3_sub7_grasp8_extreme1_object_transform.txt,sampleSTLs/PringlesCan.STL,sampleSTLs/PringlesCan_P.ply,handAndAlignment/hand/obj3_sub7_grasp8_extreme1.stl,3,7,8,extreme1,Output/Step%iObject3Subject7Grasp8extreme1AreaIntersection.csv
handAndAlignment/transforms/obj3_sub7_grasp8_optimal0_object_transform.txt,sampleSTLs/PringlesCan.STL,sampleSTLs/PringlesCan_P.ply,handAndAlignment/hand/obj3_sub7_grasp8_optimal0.stl,3,7,8,optimal0,Output/Step%iObject3Subject7Grasp8optimal0AreaIntersection.csv
handAndAlignment/transforms/obj3_sub7_grasp9_extreme0_object_transform.txt,sampleSTLs/PringlesCan.STL,sampleSTLs/PringlesCan_P.ply,handAndAlignment/hand/obj3_sub7_grasp9_extreme0.stl,3,7,9,extreme0,Output/Step%iObject3Subject7Grasp9extreme0AreaIntersection.csv
handAndAlignment/transforms/obj3_sub7_grasp9_extreme1_object_transform.txt,sampleSTLs/PringlesCan.STL,sampleSTLs/PringlesCan_P.ply,handAndAlignment/hand/obj3_sub7_grasp9_extreme1.stl,3,7,9,extreme1,Output/Step%iObject3Subject7Grasp9extreme1AreaIntersection.csv
handAndAlignment/transforms/obj3_sub7_grasp9_optimal0_object_transform.txt,sampleSTLs/PringlesCan.STL,sampleSTLs/PringlesCan_P.ply,handAndAlignment/hand/obj3_sub7_grasp9_optimal0.stl,3,7,9,optimal0,Output/Step%iObject3Subject7Grasp9optimal0AreaIntersection.csv
handAndAlignment/transforms/obj4_sub4_grasp10_optimal0_object_transform.txt,sampleSTLs/WineGlass.STL,sampleSTLs/WineGlass_P.ply,handAndAlignment/hand/obj4_sub4_grasp10_optimal0.stl,4,4,10,optimal0,Output/Step%iObject4Subject4Grasp10optimal0AreaIntersection.csv
handAndAlignment/transforms/obj4_sub4_grasp11_extreme0_object_transform.txt,sampleSTLs/WineGlass.STL,sampleSTLs/WineGlass_P.ply,handAndAlignment/hand/obj4_sub4_grasp11_extreme0.stl,4,4,11,extreme0,Output/Step%iObject4Subject4Grasp11extreme0AreaIntersection.csv
handAndAlignment/transforms/obj4_sub4_grasp11_optimal0_object_transform.txt,sampleSTLs/WineGlass.STL,sampleSTLs/WineGlass_P.ply,handAndAlignment/hand/obj4_sub4_grasp11_optimal0.stl,4,4,11,optimal0,Output/Step%iObject4Subject4Grasp11optimal0AreaIntersection.csv
handAndAlignment/transforms/obj4_sub4_grasp12_optimal0_object_transform.txt,sampleSTLs/WineGlass.STL,sampleSTLs/WineGlass_P.ply,handAndAlignment/hand/obj4_sub4_grasp12_optimal0.stl,4,4,12,optimal0,Output/Step%iObject4Subject4Grasp12optimal0AreaIntersection.csv
handAndAlignment/transforms/obj4_sub4_grasp13_extreme0_object_transform.txt,sampleSTLs/WineGlass.STL,sampleSTLs/WineGlass_P.ply,handAndAlignment/hand/obj4_sub4_grasp13_extreme0.stl,4,4,13,extreme0,Output/Step%iObject4Subject4Grasp13extreme0AreaIntersection.csv
handAndAlignment/transforms/obj4_sub4_grasp13_optimal0_object_transform.txt,sampleSTLs/WineGlass.STL,sampleSTLs/WineGlass_P.ply,handAndAlignment/hand/obj4_sub4_grasp13_optimal0.stl,4,4,13,optimal0,Output/Step%iObject4Subject4Grasp13optimal0AreaIntersection.csv
handAndAlignment/transforms/obj4_sub4_grasp14_extreme0_object_transform.txt,sampleSTLs/WineGlass.STL,sampleSTLs/WineGlass_P.ply,handAndAlignment/hand/obj4_sub4_grasp14_extreme0.stl,4,4,14,extreme0,Output/Step%iObject4Subject4Grasp14extreme0AreaIntersection.csv
handAndAlignment/transforms/obj4_sub4_grasp14_extreme1_object_transform.txt,sampleSTLs/WineGlass.STL,sampleSTLs/WineGlass_P.ply,handAndAlignment/hand/obj4_sub4_grasp14_extreme1.stl,4,4,14,extreme1,Output/Step%iObject4Subject4Grasp14extreme1AreaIntersection.csv
handAndAlignment/transforms/obj4_sub4_grasp14_optimal0_object_transform.txt,sampleSTLs/WineGlass.STL,sampleSTLs/WineGlass_P.ply,handAndAlignment/hand/obj4_sub4_grasp14_optimal0.stl,4,4,14,optimal0,Output/Step%iObject4Subject4Grasp14optimal0AreaIntersection.csv
handAndAlignment/transforms/obj4_sub4_grasp15_optimal0_object_transform.txt,sampleSTLs/WineGlass.STL,sampleSTLs/WineGlass_P.ply,handAndAlignment/hand/obj4_sub4_grasp15_optimal0.stl,4,4,15,optimal0,Output/Step%iObject4Subject4Grasp15optimal0AreaIntersection.csv
handAndAlignment/transforms/obj4_sub4_grasp9_optimal0_object_transform.txt,sampleSTLs/WineGlass.STL,sampleSTLs/WineGlass_P.ply,handAndAlignment/hand/obj4_sub4_grasp9_optimal0.stl,4,4,9,optimal0,Output/Step%iObject4Subject4Grasp9optimal0AreaIntersection.csv
handAndAlignment/transforms/obj4_sub5_grasp1_optimal0_object_transform.txt,sampleSTLs/WineGlass.STL,sampleSTLs/WineGlass_P.ply,handAndAlignment/hand/obj4_sub5_grasp1_optimal0.stl,4,5,1,optimal0,Output/Step%iObject4Subject5Grasp1optimal0AreaIntersection.csv
handAndAlignment/transforms/obj4_sub5_grasp2_optimal0_object_transform.txt,sampleSTLs/WineGlass.STL,sampleSTLs/WineGlass_P.ply,handAndAlignment/hand/obj4_sub5_grasp2_optimal0.stl,4,5,2,optimal0,Output/Step%iObject4Subject5Grasp2optimal0AreaIntersection.csv
handAndAlignment/transforms/obj4_sub5_grasp3_extreme0_object_transform.txt,sampleSTLs/WineGlass.STL,sampleSTLs/WineGlass_P.ply,handAndAlignment/hand/obj4_sub5_grasp3_extreme0.stl,4,5,3,extreme0,Output/Step%iObject4Subject5Grasp3extreme0AreaIntersection.csv
handAndAlignment/transforms/obj4_sub5_grasp3_extreme1_object_transform.txt,sampleSTLs/WineGlass.STL,sampleSTLs/WineGlass_P.ply,handAndAlignment/hand/obj4_sub5_grasp3_extreme1.stl,4,5,3,extreme1,Output/Step%iObject4Subject5Grasp3extreme1AreaIntersection.csv
handAndAlignment/transforms/obj4_sub5_grasp3_optimal0_object_transform.txt,sampleSTLs/WineGlass.STL,sampleSTLs/WineGlass_P.ply,handAndAlignment/hand/obj4_sub5_grasp3_optimal0.stl,4,5,3,optimal0,Output/Step%iObject4Subject5Grasp3optimal0AreaIntersection.csv
handAndAlignment/transforms/obj4_sub5_grasp4_optimal0_object_transform.txt,sampleSTLs/WineGlass.STL,sampleSTLs/WineGlass_P.ply,handAndAlignment/hand/obj4_sub5_grasp4_optimal0.stl,4,5,4,optimal0,Output/Step%iObject4Subject5Grasp4optimal0AreaIntersection.csv
handAndAlignment/transforms/obj4_sub6_grasp7_optimal0_object_transform.txt,sampleSTLs/WineGlass.STL,sampleSTLs/WineGlass_P.ply,handAndAlignment/hand/obj4_sub6_grasp7_optimal0.stl,4,6,7,optimal0,Output/Step%iObject4Subject6Grasp7optimal0AreaIntersection.csv
handAndAlignment/transforms/obj4_sub6_grasp8_optimal0_object_transform.txt,sampleSTLs/WineGlass.STL,sampleSTLs/WineGlass_P.ply,handAndAlignment/hand/obj4_sub6_grasp8_optimal0.stl,4,6,8,optimal0,Output/Step%iObject4Subject6Grasp8optimal0AreaIntersection.csv
handAndAlignment/transforms/obj4_sub6_grasp9_optimal0_object_transform.txt,sampleSTLs/WineGlass.STL,sampleSTLs/WineGlass_P.ply,handAndAlignment/hand/obj4_sub6_grasp9_optimal0.stl,4,6,9,optimal0,Output/Step%iObject4Subject6Grasp9optimal0AreaIntersection.csv
handAndAlignment/transforms/obj5_sub4_grasp1_extreme0_object_transform.txt,sampleSTLs/CerealBox.STL,sampleSTLs/CerealBox_P.ply,handAndAlignment/hand/obj5_sub4_grasp1_extreme0.stl,5,4,1,extreme0,Output/Step%iObject5Subject4Grasp1extreme0AreaIntersection.csv
handAndAlignment/transforms/obj5_sub4_grasp1_extreme1_object_transform.txt,sampleSTLs/CerealBox.STL,sampleSTLs/CerealBox_P.ply,handAndAlignment/hand/obj5_sub4_grasp1_extreme1.stl,5,4,1,extreme1,Output/Step%iObject5Subject4Grasp1extreme1AreaIntersection.csv
handAndAlignment/transforms/obj5_sub4_grasp1_extreme2_object_transform.txt,sampleSTLs/CerealBox.STL,sampleSTLs/CerealBox_P.ply,handAndAlignment/hand/obj5_sub4_grasp1_extreme2.stl,5,4,1,extreme2,Output/Step%iObject5Subject4Grasp1extreme2AreaIntersection.csv
handAndAlignment/transforms/obj5_sub4_grasp1_optimal0_object_transform.txt,sampleSTLs/CerealBox.STL,sampleSTLs/CerealBox_P.ply,handAndAlignment/hand/obj5_sub4_grasp1_optimal0.stl,5,4,1,optimal0,Output/Step%iObject5Subject4Grasp1optimal0AreaIntersection.csv
handAndAlignment/transforms/obj5_sub4_grasp2_extreme0_object_transform.txt,sampleSTLs/CerealBox.STL,sampleSTLs/CerealBox_P.ply,handAndAlignment/hand/obj5_sub4_grasp2_extreme0.stl,5,4,2,extreme0,Output/Step%iObject5Subject4Grasp2extreme0AreaIntersection.csv
handAndAlignment/transforms/obj5_sub4_grasp2_extreme1_object_transform.txt,sampleSTLs/CerealBox.STL,sampleSTLs/CerealBox_P.ply,handAndAlignment/hand/obj5_sub4_grasp2_extreme1.stl,5,4,2,extreme1,Output/Step%iObject5Subject4Grasp2extreme1AreaIntersection.csv
handAndAlignment/transforms/obj5_sub4_grasp2_optimal0_object_transform.txt,sampleSTLs/CerealBox.STL,sampleSTLs/CerealBox_P.ply,handAndAlignment/hand/obj5_sub4_grasp2_optimal0.stl,5,4,2,optimal0,Output/Step%iObject5Subject4Grasp2optimal0AreaIntersection.csv
handAndAlignment/transforms/obj5_sub4_grasp4_extreme0_object_transform.txt,sampleSTLs/CerealBox.STL,sampleSTLs/CerealBox_P.ply,handAndAlignment/hand/obj5_sub4_grasp4_extreme0.stl,5,4,4,extreme0,Output/Step%iObject5Subject4Grasp4extreme0AreaIntersection.csv
handAndAlignment/transforms/obj5_sub4_grasp4_extreme1_object_transform.txt,sampleSTLs/CerealBox.STL,sampleSTLs/CerealBox_P.ply,handAndAlignment/hand/obj5_sub4_grasp4_extreme1.stl,5,4,4,extreme1,Output/Step%iObject5Subject4Grasp4extreme1AreaIntersection.csv
handAndAlignment/transforms/obj5_sub4_grasp4_extreme2_object_transform.txt,sampleSTLs/CerealBox.STL,sampleSTLs/CerealBox_P.ply,handAndAlignment/hand/obj5_sub4_grasp4_extreme2.stl,5,4,4,extreme2,Output/Step%iObject5Subject4Grasp4extreme2AreaIntersection.csv
handAndAlignment/transforms/obj5_sub4_grasp4_optimal0_object_transform.txt,sampleSTLs/CerealBox.STL,sampleSTLs/CerealBox_P.ply,handAndAlignment/hand/obj5_sub4_grasp4_optimal0.stl,5,4,4,optimal0,Output/Step%iObject5Subject4Grasp4optimal0AreaIntersection.csv
handAndAlignment/transforms/obj5_sub4_grasp5_extreme0_object_transform.txt,sampleSTLs/CerealBox.STL,sampleSTLs/CerealBox_P.ply,handAndAlignment/hand/obj5_sub4_grasp5_extreme0.stl,5,4,5,extreme0,Output/Step%iObject5Subject4Grasp5extreme0AreaIntersection.csv
handAndAlignment/transforms/obj5_sub4_grasp5_optimal0_object_transform.txt,sampleSTLs/CerealBox.STL,sampleSTLs/CerealBox_P.ply,handAndAlignment/hand/obj5_sub4_grasp5_optimal0.stl,5,4,5,optimal0,Output/Step%iObject5Subject4Grasp5optimal0AreaIntersection.csv
handAndAlignment/transforms/obj5_sub5_grasp4_extreme0_object_transform.txt,sampleSTLs/CerealBox.STL,sampleSTLs/CerealBox_P.ply,handAndAlignment/hand/obj5_sub5_grasp4_extreme0.stl,5,5,4,extreme0,Output/Step%iObject5Subject5Grasp4extreme0AreaIntersection.csv
handAndAlignment/transforms/obj5_sub5_grasp4_extreme1_object_transform.txt,sampleSTLs/CerealBox.STL,sampleSTLs/CerealBox_P.ply,handAndAlignment/hand/obj5_sub5_grasp4_extreme1.stl,5,5,4,extreme1,Output/Step%iObject5Subject5Grasp4extreme1AreaIntersection.csv
handAndAlignment/transforms/obj5_sub5_grasp4_optimal0_object_transform.txt,sampleSTLs/CerealBox.STL,sampleSTLs/CerealBox_P.ply,handAndAlignment/hand/obj5_sub5_grasp4_optimal0.stl,5,5,4,optimal0,Output/Step%iObject5Subject5Grasp4optimal0AreaIntersection.csv
handAndAlignment/transforms/obj5_sub5_grasp5_extreme0_object_transform.txt,sampleSTLs/CerealBox.STL,sampleSTLs/CerealBox_P.ply,handAndAlignment/hand/obj5_sub5_grasp5_extreme0.stl,5,5,5,extreme0,Output/Step%iObject5Subject5Grasp5extreme0AreaIntersection.csv
handAndAlignment/transforms/obj5_sub5_grasp5_extreme1_object_transform.txt,sampleSTLs/CerealBox.STL,sampleSTLs/CerealBox_P.ply,handAndAlignment/hand/obj5_sub5_grasp5_extreme1.stl,5,5,5,extreme1,Output/Step%iObject5Subject5Grasp5extreme1AreaIntersection.csv
handAndAlignment/transforms/obj5_sub5_grasp5_optimal0_object_transform.txt,sampleSTLs/CerealBox.STL,sampleSTLs/CerealBox_P.ply,handAndAlignment/hand/obj5_sub5_grasp5_optimal0.stl,5,5,5,optimal0,Output/Step%iObject5Subject5Grasp5optimal0AreaIntersection.csv
handAndAlignment/transforms/obj5_sub5_grasp6_extreme0_object_transform.txt,sampleSTLs/CerealBox.STL,sampleSTLs/CerealBox_P.ply,handAndAlignment/hand/obj5_sub5_grasp6_extreme0.stl,5,5,6,extreme0,Output/Step%iObject5Subject5Grasp6extreme0AreaIntersection.csv
handAndAlignment/transforms/obj5_sub5_grasp6_extreme1_object_transform.txt,sampleSTLs/CerealBox.STL,sampleSTLs/CerealBox_P.ply,handAndAlignment/hand/obj5_sub5_grasp6_extreme1.stl,5,5,6,extreme1,Output/Step%iObject5Subject5Grasp6extreme1AreaIntersection.csv
handAndAlignment/transforms/obj5_sub5_grasp6_optimal0_object_transform.txt,sampleSTLs/CerealBox.STL,sampleSTLs/CerealBox_P.ply,handAndAlignment/hand/obj5_sub5_grasp6_optimal0.stl,5,5,6,optimal0,Output/Step%iObject5Subject5Grasp6optimal0AreaIntersection.csv
handAndAlignment/transforms/obj5_sub6_grasp1_extreme0_object_transform.txt,sampleSTLs/CerealBox.STL,sampleSTLs/CerealBox_P.ply,handAndAlignment/hand/obj5_sub6_grasp1_extreme0.stl,5,6,1,extreme0,Output/Step%iObject5Subject6Grasp1extreme0AreaIntersection.csv
handAndAlignment/transforms/obj5_sub6_grasp1_extreme1_object_transform.txt,sampleSTLs/CerealBox.STL,sampleSTLs/CerealBox_P.ply,handAndAlignment/hand/obj5_sub6_grasp1_extreme1.stl,5,6,1,extreme1,Output/Step%iObject5Subject6Grasp1extreme1AreaIntersection.csv
handAndAlignment/transforms/obj5_sub6_grasp1_optimal0_object_transform.txt,sampleSTLs/CerealBox.STL,sampleSTLs/CerealBox_P.ply,handAndAlignment/hand/obj5_sub6_grasp1_optimal0.stl,5,6,1,optimal0,Output/Step%iObject5Subject6Grasp1optimal0AreaIntersection.csv
handAndAlignment/transforms/obj5_sub6_grasp2_extreme0_object_transform.txt,sampleSTLs/CerealBox.STL,sampleSTLs/CerealBox_P.ply,handAndAlignment/hand/obj5_sub6_grasp2_extreme0.stl,5,6,2,extreme0,Output/Step%iObject5Subject6Grasp2extreme0AreaIntersection.csv
handAndAlignment/transforms/obj5_sub6_grasp2_extreme1_object_transform.txt,sampleSTLs/CerealBox.STL,sampleSTLs/CerealBox_P.ply,handAndAlignment/hand/obj5_sub6_grasp2_extreme1.stl,5,6,2,extreme1,Output/Step%iObject5Subject6Grasp2extreme1AreaIntersection.csv
handAndAlignment/transforms/obj5_sub6_grasp2_extreme2_object_transform.txt,sampleSTLs/CerealBox.STL,sampleSTLs/CerealBox_P.ply,handAndAlignment/hand/obj5_sub6_grasp2_extreme2.stl,5,6,2,extreme2,Output/Step%iObject5Subject6Grasp2extreme2AreaIntersection.csv
handAndAlignment/transforms/obj5_sub6_grasp2_optimal0_object_transform.txt,sampleSTLs/CerealBox.STL,sampleSTLs/CerealBox_P.ply,handAndAlignment/hand/obj5_sub6_grasp2_optimal0.stl,5,6,2,optimal0,Output/Step%iObject5Subject6Grasp2optimal0AreaIntersection.csv
handAndAlignment/transforms/obj5_sub6_grasp3_extreme0_object_transform.txt,sampleSTLs/CerealBox.STL,sampleSTLs/CerealBox_P.ply,handAndAlignment/hand/obj5_sub6_grasp3_extreme0.stl,5,6,3,extreme0,Output/Step%iObject5Subject6Grasp3extreme0AreaIntersection.csv
handAndAlignment/transforms/obj5_sub6_grasp3_optimal0_object_transform.txt,sampleSTLs/CerealBox.STL,sampleSTLs/CerealBox_P.ply,handAndAlignment/hand/obj5_sub6_grasp3_optimal0.stl,5,6,3,optimal0,Output/Step%iObject5Subject6Grasp3optimal0AreaIntersection.csv
handAndAlignment/transforms/obj5_sub6_grasp4_extreme0_object_transform.txt,sampleSTLs/CerealBox.STL,sampleSTLs/CerealBox_P.ply,handAndAlignment/hand/obj5_sub6_grasp4_extreme0.stl,5,6,4,extreme0,Output/Step%iObject5Subject6Grasp4extreme0AreaIntersection.csv
handAndAlignment/transforms/obj5_sub6_grasp4_extreme1_object_transform.txt,sampleSTLs/CerealBox.STL,sampleSTLs/CerealBox_P.ply,handAndAlignment/hand/obj5_sub6_grasp4_extreme1.stl,5,6,4,extreme1,Output/Step%iObject5Subject6Grasp4extreme1AreaIntersection.csv
handAndAlignment/transforms/obj5_sub6_grasp4_optimal0_object_transform.txt,sampleSTLs/CerealBox.STL,sampleSTLs/CerealBox_P.ply,handAndAlignment/hand/obj5_sub6_grasp4_optimal0.stl,5,6,4,optimal0,Output/Step%iObject5Subject6Grasp4optimal0AreaIntersection.csv
handAndAlignment/transforms/obj6_sub7_grasp10_extreme0_object_transform.txt,sampleSTLs/CrackerBox.STL,sampleSTLs/CrackerBox_P.ply,handAndAlignment/hand/obj6_sub7_grasp10_extreme0.stl,6,7,10,extreme0,Output/Step%iObject6Subject7Grasp10extreme0AreaIntersection.csv
handAndAlignment/transforms/obj6_sub7_grasp10_extreme1_object_transform.txt,sampleSTLs/CrackerBox.STL,sampleSTLs/CrackerBox_P.ply,handAndAlignment/hand/obj6_sub7_grasp10_extreme1.stl,6,7,10,extreme1,Output/Step%iObject6Subject7Grasp10extreme1AreaIntersection.csv
handAndAlignment/transforms/obj6_sub7_grasp10_optimal0_object_transform.txt,sampleSTLs/CrackerBox.STL,sampleSTLs/CrackerBox_P.ply,handAndAlignment/hand/obj6_sub7_grasp10_optimal0.stl,6,7,10,optimal0,Output/Step%iObject6Subject7Grasp10optimal0AreaIntersection.csv
handAndAlignment/transforms/obj6_sub7_grasp6_extreme0_object_transform.txt,sampleSTLs/CrackerBox.STL,sampleSTLs/CrackerBox_P.ply,handAndAlignment/hand/obj6_sub7_grasp6_extreme0.stl,6,7,6,extreme0,Output/Step%iObject6Subject7Grasp6extreme0AreaIntersection.csv
handAndAlignment/transforms/obj6_sub7_grasp6_extreme1_object_transform.txt,sampleSTLs/CrackerBox.STL,sampleSTLs/CrackerBox_P.ply,handAndAlignment/hand/obj6_sub7_grasp6_extreme1.stl,6,7,6,extreme1,Output/Step%iObject6Subject7Grasp6extreme1AreaIntersection.csv
handAndAlignment/transforms/obj6_sub7_grasp6_optimal0_object_transform.txt,sampleSTLs/CrackerBox.STL,sampleSTLs/CrackerBox_P.ply,handAndAlignment/hand/obj6_sub7_grasp6_optimal0.stl,6,7,6,optimal0,Output/Step%iObject6Subject7Grasp6optimal0AreaIntersection.csv
handAndAlignment/transforms/obj6_sub7_grasp7_extreme0_object_transform.txt,sampleSTLs/CrackerBox.STL,sampleSTLs/CrackerBox_P.ply,handAndAlignment/hand/obj6_sub7_grasp7_extreme0.stl,6,7,7,extreme0,Output/Step%iObject6Subject7Grasp7extreme0AreaIntersection.csv
handAndAlignment/transforms/obj6_sub7_grasp7_extreme1_object_transform.txt,sampleSTLs/CrackerBox.STL,sampleSTLs/CrackerBox_P.ply,handAndAlignment/hand/obj6_sub7_grasp7_extreme1.stl,6,7,7,extreme1,Output/Step%iObject6Subject7Grasp7extreme1AreaIntersection.csv
handAndAlignment/transforms/obj6_sub7_grasp7_optimal0_object_transform.txt,sampleSTLs/CrackerBox.STL,sampleSTLs/CrackerBox_P.ply,handAndAlignment/hand/obj6_sub7_grasp7_optimal0.stl,6,7,7,optimal0,Output/Step%iObject6Subject7Grasp7optimal0AreaIntersection.csv
handAndAlignment/transforms/obj6_sub7_grasp8_optimal0_object_transform.txt,sampleSTLs/CrackerBox.STL,sampleSTLs/CrackerBox_P.ply,handAndAlignment/hand/obj6_sub7_grasp8_optimal0.stl,6,7,8,optimal0,Output/Step%iObject6Subject7Grasp8optimal0AreaIntersection.csv
handAndAlignment/transforms/obj6_sub7_grasp9_extreme0_object_transform.txt,sampleSTLs/CrackerBox.STL,sampleSTLs/CrackerBox_P.ply,handAndAlignment/hand/obj6_sub7_grasp9_extreme0.stl,6,7,9,extreme0,Output/Step%iObject6Subject7Grasp9extreme0AreaIntersection.csv
handAndAlignment/transforms/obj6_sub7_grasp9_extreme1_object_transform.txt,sampleSTLs/CrackerBox.STL,sampleSTLs/CrackerBox_P.ply,handAndAlignment/hand/obj6_sub7_grasp9_extreme1.stl,6,7,9,extreme1,Output/Step%iObject6Subject7Grasp9extreme1AreaIntersection.csv
handAndAlignment/transforms/obj6_sub7_grasp9_optimal0_object_transform.txt,sampleSTLs/CrackerBox.STL,sampleSTLs/CrackerBox_P.ply,handAndAlignment/hand/obj6_sub7_grasp9_optimal0.stl,6,7,9,optimal0,Output/Step%iObject6Subject7Grasp9optimal0AreaIntersection.csv
handAndAlignment/transforms/obj6_sub8_grasp1_extreme0_object_transform.txt,sampleSTLs/CrackerBox.STL,sampleSTLs/CrackerBox_P.ply,handAndAlignment/hand/obj6_sub8_grasp1_extreme0.stl,6,8,1,extreme0,Output/Step%iObject6Subject8Grasp1extreme0AreaIntersection.csv
handAndAlignment/transforms/obj6_sub8_grasp1_extreme1_object_transform.txt,sampleSTLs/CrackerBox.STL,sampleSTLs/CrackerBox_P.ply,handAndAlignment/hand/obj6_sub8_grasp1_extreme1.stl,6,8,1,extreme1,Output/Step%iObject6Subject8Grasp1extreme1AreaIntersection.csv
handAndAlignment/transforms/obj6_sub8_grasp1_optimal0_object_transform.txt,sampleSTLs/CrackerBox.STL,sampleSTLs/CrackerBox_P.ply,handAndAlignment/hand/obj6_sub8_grasp1_optimal0.stl,6,8,1,optimal0,Output/Step%iObject6Subject8Grasp1optimal0AreaIntersection.csv
handAndAlignment/transforms/obj6_sub8_grasp2_extreme0_object_transform.txt,sampleSTLs/CrackerBox.STL,sampleSTLs/CrackerBox_P.ply,handAndAlignment/hand/obj6_sub8_grasp2_extreme0.stl,6,8,2,extreme0,Output/Step%iObject6Subject8Grasp2extreme0AreaIntersection.csv
handAndAlignment/transforms/obj6_sub8_grasp2_optimal0_object_transform.txt,sampleSTLs/CrackerBox.STL,sampleSTLs/CrackerBox_P.ply,handAndAlignment/hand/obj6_sub8_grasp2_optimal0.stl,6,8,2,optimal0,Output/Step%iObject6Subject8Grasp2optimal0AreaIntersection.csv
handAndAlignment/transforms/obj6_sub8_grasp3_optimal0_object_transform.txt,sampleSTLs/CrackerBox.STL,sampleSTLs/CrackerBox_P.ply,handAndAlignment/hand/obj6_sub8_grasp3_optimal0.stl,6,8,3,optimal0,Output/Step%iObject6Subject8Grasp3optimal0AreaIntersection.csv
handAndAlignment/transforms/obj6_sub8_grasp3_optimal1_object_transform.txt,sampleSTLs/CrackerBox.STL,sampleSTLs/CrackerBox_P.ply,handAndAlignment/hand/obj6_sub8_grasp3_optimal1.stl,6,8,3,optimal1,Output/Step%iObject6Subject8Grasp3optimal1AreaIntersection.csv
handAndAlignment/transforms/obj6_sub8_grasp4_optimal0_object_transform.txt,sampleSTLs/CrackerBox.STL,sampleSTLs/CrackerBox_P.ply,handAndAlignment/hand/obj6_sub8_grasp4_optimal0.stl,6,8,4,optimal0,Output/Step%iObject6Subject8Grasp4optimal0AreaIntersection.csv
handAndAlignment/transforms/obj6_sub8_grasp5_optimal0_object_transform.txt,sampleSTLs/CrackerBox.STL,sampleSTLs/CrackerBox_P.ply,handAndAlignment/hand/obj6_sub8_grasp5_optimal0.stl,6,8,5,optimal0,Output/Step%iObject6Subject8Grasp5optimal0AreaIntersection.csv
handAndAlignment/transforms/obj6_sub8_grasp6_extreme0_object_transform.txt,sampleSTLs/CrackerBox.STL,sampleSTLs/CrackerBox_P.ply,handAndAlignment/hand/obj6_sub8_grasp6_extreme0.stl,6,8,6,extreme0,Output/Step%iObject6Subject8Grasp6extreme0AreaIntersection.csv
handAndAlignment/transforms/obj6_sub8_grasp6_extreme1_object_transform.txt,sampleSTLs/CrackerBox.STL,sampleSTLs/CrackerBox_P.ply,handAndAlignment/hand/obj6_sub8_grasp6_extreme1.stl,6,8,6,extreme1,Output/Step%iObject6Subject8Grasp6extreme1AreaIntersection.csv
handAndAlignment/transforms/obj6_sub8_grasp6_optimal0_object_transform.txt,sampleSTLs/CrackerBox.STL,sampleSTLs/CrackerBox_P.ply,handAndAlignment/hand/obj6_sub8_grasp6_optimal0.stl,6,8,6,optimal0,Output/Step%iObject6Subject8Grasp6optimal0AreaIntersection.csv
handAndAlignment/transforms/obj6_sub8_grasp7_optimal0_object_transform.txt,sampleSTLs/CrackerBox.STL,sampleSTLs/CrackerBox_P.ply,handAndAlignment/hand/obj6_sub8_grasp7_optimal0.stl,6,8,7,optimal0,Output/Step%iObject6Subject8Grasp7optimal0AreaIntersection.csv
handAndAlignment/transforms/obj6_sub8_grasp8_extreme0_object_transform.txt,sampleSTLs/CrackerBox.STL,sampleSTLs/CrackerBox_P.ply,handAndAlignment/hand/obj6_sub8_grasp8_extreme0.stl,6,8,8,extreme0,Output/Step%iObject6Subject8Grasp8extreme0AreaIntersection.csv
handAndAlignment/transforms/obj6_sub8_grasp8_extreme1_object_transform.txt,sampleSTLs/CrackerBox.STL,sampleSTLs/CrackerBox_P.ply,handAndAlignment/hand/obj6_sub8_grasp8_extreme1.stl,6,8,8,extreme1,Output/Step%iObject6Subject8Grasp8extreme1AreaIntersection.csv
handAndAlignment/transforms/obj6_sub8_grasp8_optimal0_object_transform.txt,sampleSTLs/CrackerBox.STL,sampleSTLs/CrackerBox_P.ply,handAndAlignment/hand/obj6_sub8_grasp8_optimal0.stl,6,8,8,optimal0,Output/Step%iObject6Subject8Grasp8optimal0AreaIntersection.csv
handAndAlignment/transforms/obj6_sub8_grasp9_extreme0_object_transform.txt,sampleSTLs/CrackerBox.STL,sampleSTLs/CrackerBox_P.ply,handAndAlignment/hand/obj6_sub8_grasp9_extreme0.stl,6,8,9,extreme0,Output/Step%iObject6Subject8Grasp9extreme0AreaIntersection.csv
handAndAlignment/transforms/obj6_sub8_grasp9_optimal0_object_transform.txt,sampleSTLs/CrackerBox.STL,sampleSTLs/CrackerBox_P.ply,handAndAlignment/hand/obj6_sub8_grasp9_optimal0.stl,6,8,9,optimal0,Output/Step%iObject6Subject8Grasp9optimal0AreaIntersection.csv
handAndAlignment/transforms/obj9_sub10_grasp1_extreme0_object_transform.txt,sampleSTLs/Remote.STL,sampleSTLs/Remote_P.ply,handAndAlignment/hand/obj9_sub10_grasp1_extreme0.stl,9,10,1,extreme0,Output/Step%iObject9Subject10Grasp1extreme0AreaIntersection.csv
handAndAlignment/transforms/obj9_sub10_grasp1_extreme1_object_transform.txt,sampleSTLs/Remote.STL,sampleSTLs/Remote_P.ply,handAndAlignment/hand/obj9_sub10_grasp1_extreme1.stl,9,10,1,extreme1,Output/Step%iObject9Subject10Grasp1extreme1AreaIntersection.csv
handAndAlignment/transforms/obj9_sub10_grasp1_extreme2_object_transform.txt,sampleSTLs/Remote.STL,sampleSTLs/Remote_P.ply,handAndAlignment/hand/obj9_sub10_grasp1_extreme2.stl,9,10,1,extreme2,Output/Step%iObject9Subject10Grasp1extreme2AreaIntersection.csv
handAndAlignment/transforms/obj9_sub10_grasp1_optimal0_object_transform.txt,sampleSTLs/Remote.STL,sampleSTLs/Remote_P.ply,handAndAlignment/hand/obj9_sub10_grasp1_optimal0.stl,9,10,1,optimal0,Output/Step%iObject9Subject10Grasp1optimal0AreaIntersection.csv
handAndAlignment/transforms/obj9_sub10_grasp2_optimal0_object_transform.txt,sampleSTLs/Remote.STL,sampleSTLs/Remote_P.ply,handAndAlignment/hand/obj9_sub10_grasp2_optimal0.stl,9,10,2,optimal0,Output/Step%iObject9Subject10Grasp2optimal0AreaIntersection.csv
handAndAlignment/transforms/obj9_sub10_grasp3_extreme0_object_transform.txt,sampleSTLs/Remote.STL,sampleSTLs/Remote_P.ply,handAndAlignment/hand/obj9_sub10_grasp3_extreme0.stl,9,10,3,extreme0,Output/Step%iObject9Subject10Grasp3extreme0AreaIntersection.csv
handAndAlignment/transforms/obj9_sub10_grasp3_extreme1_object_transform.txt,sampleSTLs/Remote.STL,sampleSTLs/Remote_P.ply,handAndAlignment/hand/obj9_sub10_grasp3_extreme1.stl,9,10,3,extreme1,Output/Step%iObject9Subject10Grasp3extreme1AreaIntersection.csv
handAndAlignment/transforms/obj9_sub10_grasp3_optimal0_object_transform.txt,sampleSTLs/Remote.STL,sampleSTLs/Remote_P.ply,handAndAlignment/hand/obj9_sub10_grasp3_optimal0.stl,9,10,3,optimal0,Output/Step%iObject9Subject10Grasp3optimal0AreaIntersection.csv
handAndAlignment/transforms/obj9_sub10_grasp4_extreme0_object_transform.txt,sampleSTLs/Remote.STL,sampleSTLs/Remote_P.ply,handAndAlignment/hand/obj9_sub10_grasp4_extreme0.stl,9,10,4,extreme0,Output/Step%iObject9Subject10Grasp4extreme0AreaIntersection.csv
handAndAlignment/transforms/obj9_sub10_grasp4_extreme1_object_transform.txt,sampleSTLs/Remote.STL,sampleSTLs/Remote_P.ply,handAndAlignment/hand/obj9_sub10_grasp4_extreme1.stl,9,10,4,extreme1,Output/Step%iObject9Subject10Grasp4extreme1AreaIntersection.csv
handAndAlignment/transforms/obj9_sub10_grasp4_optimal0_object_transform.txt,sampleSTLs/Remote.STL,sampleSTLs/Remote_P.ply,handAndAlignment/hand/obj9_sub10_grasp4_optimal0.stl,9,10,4,optimal0,Output/Step%iObject9Subject10Grasp4optimal0AreaIntersection.csv
handAndAlignment/transforms/obj9_sub10_grasp5_optimal0_object_transform.txt,sampleSTLs/Remote.STL,sampleSTLs/Remote_P.ply,handAndAlignment/hand/obj9_sub10_grasp5_optimal0.stl,9,10,5,optimal0,Output/Step%iObject9Subject10Grasp5optimal0AreaIntersection.csv
handAndAlignment/transforms/obj9_sub10_grasp6_extreme0_object_transform.txt,sampleSTLs/Remote.STL,sampleSTLs/Remote_P.ply,handAndAlignment/hand/obj9_sub10_grasp6_extreme0.stl,9,10,6,extreme0,Output/Step%iObject9Subject10Grasp6extreme0AreaIntersection.csv
handAndAlignment/transforms/obj9_sub10_grasp6_optimal0_object_transform.txt,sampleSTLs/Remote.STL,sampleSTLs/Remote_P.ply,handAndAlignment/hand/obj9_sub10_grasp6_optimal0.stl,9,10,6,optimal0,Output/Step%iObject9Subject10Grasp6optimal0AreaIntersection.csv
handAndAlignment/transforms/obj9_sub12_grasp10_optimal0_object_transform.txt,sampleSTLs/Remote.STL,sampleSTLs/Remote_P.ply,handAndAlignment/hand/obj9_sub12_grasp10_optimal0.stl,9,12,10,optimal0,Output/Step%iObject9Subject12Grasp10optimal0AreaIntersection.csv
handAndAlignment/transforms/obj9_sub12_grasp8_extreme0_object_transform.txt,sampleSTLs/Remote.STL,sampleSTLs/Remote_P.ply,handAndAlignment/hand/obj9_sub12_grasp8_extreme0.stl,9,12,8,extreme0,Output/Step%iObject9Subject12Grasp8extreme0AreaIntersection.csv
handAndAlignment/transforms/obj9_sub12_grasp8_extreme1_object_transform.txt,sampleSTLs/Remote.STL,sampleSTLs/Remote_P.ply,handAndAlignment/hand/obj9_sub12_grasp8_extreme1.stl,9,12,8,extreme1,Output/Step%iObject9Subject12Grasp8extreme1AreaIntersection.csv
handAndAlignment/transforms/obj9_sub12_grasp8_optimal0_object_transform.txt,sampleSTLs/Remote.STL,sampleSTLs/Remote_P.ply,handAndAlignment/hand/obj9_sub12_grasp8_optimal0.stl,9,12,8,optimal0,Output/Step%iObject9Subject12Grasp8optimal0AreaIntersection.csv
handAndAlignment/transforms/obj9_sub12_grasp9_extreme0_object_transform.txt,sampleSTLs/Remote.STL,sampleSTLs/Remote_P.ply,handAndAlignment/hand/obj9_sub12_grasp9_extreme0.stl,9,12,9,extreme0,Output/Step%iObject9Subject12Grasp9extreme0AreaIntersection.csv
handAndAlignment/transforms/obj9_sub12_grasp9_extreme1_object_transform.txt,sampleSTLs/Remote.STL,sampleSTLs/Remote_P.ply,handAndAlignment/hand/obj9_sub12_grasp9_extreme1.stl,9,12,9,extreme1,Output/Step%iObject9Subject12Grasp9extreme1AreaIntersection.csv
handAndAlignment/transforms/obj9_sub12_grasp9_extreme2_object_transform.txt,sampleSTLs/Remote.STL,sampleSTLs/Remote_P.ply,handAndAlignment/hand/obj9_sub12_grasp9_extreme2.stl,9,12,9,extreme2,Output/Step%iObject9Subject12Grasp9extreme2AreaIntersection.csv
handAndAlignment/transforms/obj9_sub12_grasp9_optimal0_object_transform.txt,sampleSTLs/Remote.STL,sampleSTLs/Remote_P.ply,handAndAlignment/hand/obj9_sub12_grasp9_optimal0.stl,9,12,9,optimal0,Output/Step%iObject9Subject12Grasp9optimal0AreaIntersection.csv
handAndAlignment/transforms/obj9_sub12_grasp9_optimal1_object_transform.txt,sampleSTLs/Remote.STL,sampleSTLs/Remote_P.ply,handAndAlignment/hand/obj9_sub12_grasp9_optimal1.stl,9,12,9,optimal1,Output/Step%iObject9Subject12Grasp9optimal1AreaIntersection.csv
handAndAlignment/transforms/obj9_sub12_grasp9_optimal2_object_transform.txt,sampleSTLs/Remote.STL,sampleSTLs/Remote_P.ply,handAndAlignment/hand/obj9_sub12_grasp9_optimal2.stl,9,12,9,optimal2,Output/Step%iObject9Subject12Grasp9optimal2AreaIntersection.csv
