TransformsFilepath,ObjectFilepath,HandFilepath,ObjectNum,SubjectNum,GraspNum,Extreme
handAndAlignment/transforms/obj11_sub7_grasp1_extreme0_object_transform.txt,sampleSTLs/FoodClip.STL,handAndAlignment/hand/obj11_sub7_grasp1_extreme0.stl,11,7,1,extreme0
handAndAlignment/transforms/obj11_sub7_grasp1_extreme1_object_transform.txt,sampleSTLs/FoodClip.STL,handAndAlignment/hand/obj11_sub7_grasp1_extreme1.stl,11,7,1,extreme1
handAndAlignment/transforms/obj11_sub7_grasp1_optimal0_object_transform.txt,sampleSTLs/FoodClip.STL,handAndAlignment/hand/obj11_sub7_grasp1_optimal0.stl,11,7,1,optimal0
handAndAlignment/transforms/obj11_sub7_grasp2_optimal0_object_transform.txt,sampleSTLs/FoodClip.STL,handAndAlignment/hand/obj11_sub7_grasp2_optimal0.stl,11,7,2,optimal0
handAndAlignment/transforms/obj11_sub7_grasp3_extreme0_object_transform.txt,sampleSTLs/FoodClip.STL,handAndAlignment/hand/obj11_sub7_grasp3_extreme0.stl,11,7,3,extreme0
handAndAlignment/transforms/obj11_sub7_grasp3_optimal0_object_transform.txt,sampleSTLs/FoodClip.STL,handAndAlignment/hand/obj11_sub7_grasp3_optimal0.stl,11,7,3,optimal0
handAndAlignment/transforms/obj11_sub7_grasp4_extreme0_object_transform.txt,sampleSTLs/FoodClip.STL,handAndAlignment/hand/obj11_sub7_grasp4_extreme0.stl,11,7,4,extreme0
handAndAlignment/transforms/obj11_sub7_grasp4_extreme1_object_transform.txt,sampleSTLs/FoodClip.STL,handAndAlignment/hand/obj11_sub7_grasp4_extreme1.stl,11,7,4,extreme1
handAndAlignment/transforms/obj11_sub7_grasp4_optimal0_object_transform.txt,sampleSTLs/FoodClip.STL,handAndAlignment/hand/obj11_sub7_grasp4_optimal0.stl,11,7,4,optimal0
handAndAlignment/transforms/obj11_sub8_grasp1_extreme0_object_transform.txt,sampleSTLs/FoodClip.STL,handAndAlignment/hand/obj11_sub8_grasp1_extreme0.stl,11,8,1,extreme0
handAndAlignment/transforms/obj11_sub8_grasp1_optimal0_object_transform.txt,sampleSTLs/FoodClip.STL,handAndAlignment/hand/obj11_sub8_grasp1_optimal0.stl,11,8,1,optimal0
handAndAlignment/transforms/obj11_sub8_grasp2_extreme0_object_transform.txt,sampleSTLs/FoodClip.STL,handAndAlignment/hand/obj11_sub8_grasp2_extreme0.stl,11,8,2,extreme0
handAndAlignment/transforms/obj11_sub8_grasp2_optimal0_object_transform.txt,sampleSTLs/FoodClip.STL,handAndAlignment/hand/obj11_sub8_grasp2_optimal0.stl,11,8,2,optimal0
handAndAlignment/transforms/obj11_sub8_grasp3_optimal0_object_transform.txt,sampleSTLs/FoodClip.STL,handAndAlignment/hand/obj11_sub8_grasp3_optimal0.stl,11,8,3,optimal0
handAndAlignment/transforms/obj11_sub8_grasp4_optimal0_object_transform.txt,sampleSTLs/FoodClip.STL,handAndAlignment/hand/obj11_sub8_grasp4_optimal0.stl,11,8,4,optimal0
handAndAlignment/transforms/obj11_sub8_grasp5_extreme0_object_transform.txt,sampleSTLs/FoodClip.STL,handAndAlignment/hand/obj11_sub8_grasp5_extreme0.stl,11,8,5,extreme0
handAndAlignment/transforms/obj11_sub8_grasp5_optimal0_object_transform.txt,sampleSTLs/FoodClip.STL,handAndAlignment/hand/obj11_sub8_grasp5_optimal0.stl,11,8,5,optimal0
handAndAlignment/transforms/obj11_sub8_grasp6_extreme0_object_transform.txt,sampleSTLs/FoodClip.STL,handAndAlignment/hand/obj11_sub8_grasp6_extreme0.stl,11,8,6,extreme0
handAndAlignment/transforms/obj11_sub8_grasp6_extreme1_object_transform.txt,sampleSTLs/FoodClip.STL,handAndAlignment/hand/obj11_sub8_grasp6_extreme1.stl,11,8,6,extreme1
handAndAlignment/transforms/obj11_sub8_grasp6_optimal0_object_transform.txt,sampleSTLs/FoodClip.STL,handAndAlignment/hand/obj11_sub8_grasp6_optimal0.stl,11,8,6,optimal0
handAndAlignment/transforms/obj13_sub7_grasp5_extreme0_object_transform.txt,sampleSTLs/SoapDispenser.STL,handAndAlignment/hand/obj13_sub7_grasp5_extreme0.stl,13,7,5,extreme0
handAndAlignment/transforms/obj13_sub7_grasp5_extreme1_object_transform.txt,sampleSTLs/SoapDispenser.STL,handAndAlignment/hand/obj13_sub7_grasp5_extreme1.stl,13,7,5,extreme1
handAndAlignment/transforms/obj13_sub7_grasp5_optimal0_object_transform.txt,sampleSTLs/SoapDispenser.STL,handAndAlignment/hand/obj13_sub7_grasp5_optimal0.stl,13,7,5,optimal0
handAndAlignment/transforms/obj13_sub7_grasp6_extreme0_object_transform.txt,sampleSTLs/SoapDispenser.STL,handAndAlignment/hand/obj13_sub7_grasp6_extreme0.stl,13,7,6,extreme0
handAndAlignment/transforms/obj13_sub7_grasp6_extreme1_object_transform.txt,sampleSTLs/SoapDispenser.STL,handAndAlignment/hand/obj13_sub7_grasp6_extreme1.stl,13,7,6,extreme1
handAndAlignment/transforms/obj13_sub7_grasp6_optimal0_object_transform.txt,sampleSTLs/SoapDispenser.STL,handAndAlignment/hand/obj13_sub7_grasp6_optimal0.stl,13,7,6,optimal0
handAndAlignment/transforms/obj13_sub7_grasp7_optimal0_object_transform.txt,sampleSTLs/SoapDispenser.STL,handAndAlignment/hand/obj13_sub7_grasp7_optimal0.stl,13,7,7,optimal0
handAndAlignment/transforms/obj13_sub7_grasp8_optimal0_object_transform.txt,sampleSTLs/SoapDispenser.STL,handAndAlignment/hand/obj13_sub7_grasp8_optimal0.stl,13,7,8,optimal0
handAndAlignment/transforms/obj13_sub8_grasp1_extreme0_object_transform.txt,sampleSTLs/SoapDispenser.STL,handAndAlignment/hand/obj13_sub8_grasp1_extreme0.stl,13,8,1,extreme0
handAndAlignment/transforms/obj13_sub8_grasp1_extreme1_object_transform.txt,sampleSTLs/SoapDispenser.STL,handAndAlignment/hand/obj13_sub8_grasp1_extreme1.stl,13,8,1,extreme1
handAndAlignment/transforms/obj13_sub8_grasp1_optimal0_object_transform.txt,sampleSTLs/SoapDispenser.STL,handAndAlignment/hand/obj13_sub8_grasp1_optimal0.stl,13,8,1,optimal0
handAndAlignment/transforms/obj13_sub8_grasp2_optimal0_object_transform.txt,sampleSTLs/SoapDispenser.STL,handAndAlignment/hand/obj13_sub8_grasp2_optimal0.stl,13,8,2,optimal0
handAndAlignment/transforms/obj13_sub8_grasp3_optimal0_object_transform.txt,sampleSTLs/SoapDispenser.STL,handAndAlignment/hand/obj13_sub8_grasp3_optimal0.stl,13,8,3,optimal0
handAndAlignment/transforms/obj13_sub8_grasp4_optimal0_object_transform.txt,sampleSTLs/SoapDispenser.STL,handAndAlignment/hand/obj13_sub8_grasp4_optimal0.stl,13,8,4,optimal0
handAndAlignment/transforms/obj13_sub8_grasp6_optimal0_object_transform.txt,sampleSTLs/SoapDispenser.STL,handAndAlignment/hand/obj13_sub8_grasp6_optimal0.stl,13,8,6,optimal0
handAndAlignment/transforms/obj13_sub8_grasp7_optimal0_object_transform.txt,sampleSTLs/SoapDispenser.STL,handAndAlignment/hand/obj13_sub8_grasp7_optimal0.stl,13,8,7,optimal0
handAndAlignment/transforms/obj15_sub4_grasp1_extreme0_object_transform.txt,sampleSTLs/Chunk_of_foam.STL,handAndAlignment/hand/obj15_sub4_grasp1_extreme0.stl,15,4,1,extreme0
handAndAlignment/transforms/obj15_sub4_grasp1_extreme1_object_transform.txt,sampleSTLs/Chunk_of_foam.STL,handAndAlignment/hand/obj15_sub4_grasp1_extreme1.stl,15,4,1,extreme1
handAndAlignment/transforms/obj15_sub4_grasp1_optimal0_object_transform.txt,sampleSTLs/Chunk_of_foam.STL,handAndAlignment/hand/obj15_sub4_grasp1_optimal0.stl,15,4,1,optimal0
handAndAlignment/transforms/obj15_sub4_grasp2_optimal0_object_transform.txt,sampleSTLs/Chunk_of_foam.STL,handAndAlignment/hand/obj15_sub4_grasp2_optimal0.stl,15,4,2,optimal0
handAndAlignment/transforms/obj15_sub4_grasp3_extreme0_object_transform.txt,sampleSTLs/Chunk_of_foam.STL,handAndAlignment/hand/obj15_sub4_grasp3_extreme0.stl,15,4,3,extreme0
handAndAlignment/transforms/obj15_sub4_grasp3_extreme1_object_transform.txt,sampleSTLs/Chunk_of_foam.STL,handAndAlignment/hand/obj15_sub4_grasp3_extreme1.stl,15,4,3,extreme1
handAndAlignment/transforms/obj15_sub4_grasp3_optimal0_object_transform.txt,sampleSTLs/Chunk_of_foam.STL,handAndAlignment/hand/obj15_sub4_grasp3_optimal0.stl,15,4,3,optimal0
handAndAlignment/transforms/obj15_sub4_grasp4_optimal0_object_transform.txt,sampleSTLs/Chunk_of_foam.STL,handAndAlignment/hand/obj15_sub4_grasp4_optimal0.stl,15,4,4,optimal0
handAndAlignment/transforms/obj15_sub4_grasp5_optimal0_object_transform.txt,sampleSTLs/Chunk_of_foam.STL,handAndAlignment/hand/obj15_sub4_grasp5_optimal0.stl,15,4,5,optimal0
handAndAlignment/transforms/obj15_sub4_grasp6_optimal0_object_transform.txt,sampleSTLs/Chunk_of_foam.STL,handAndAlignment/hand/obj15_sub4_grasp6_optimal0.stl,15,4,6,optimal0
handAndAlignment/transforms/obj15_sub4_grasp7_extreme0_object_transform.txt,sampleSTLs/Chunk_of_foam.STL,handAndAlignment/hand/obj15_sub4_grasp7_extreme0.stl,15,4,7,extreme0
handAndAlignment/transforms/obj15_sub4_grasp7_optimal0_object_transform.txt,sampleSTLs/Chunk_of_foam.STL,handAndAlignment/hand/obj15_sub4_grasp7_optimal0.stl,15,4,7,optimal0
handAndAlignment/transforms/obj15_sub4_grasp8_extreme0_object_transform.txt,sampleSTLs/Chunk_of_foam.STL,handAndAlignment/hand/obj15_sub4_grasp8_extreme0.stl,15,4,8,extreme0
handAndAlignment/transforms/obj15_sub4_grasp8_extreme1_object_transform.txt,sampleSTLs/Chunk_of_foam.STL,handAndAlignment/hand/obj15_sub4_grasp8_extreme1.stl,15,4,8,extreme1
handAndAlignment/transforms/obj15_sub4_grasp8_optimal0_object_transform.txt,sampleSTLs/Chunk_of_foam.STL,handAndAlignment/hand/obj15_sub4_grasp8_optimal0.stl,15,4,8,optimal0
handAndAlignment/transforms/obj15_sub4_grasp9_optimal0_object_transform.txt,sampleSTLs/Chunk_of_foam.STL,handAndAlignment/hand/obj15_sub4_grasp9_optimal0.stl,15,4,9,optimal0
handAndAlignment/transforms/obj15_sub5_grasp6_extreme0_object_transform.txt,sampleSTLs/Chunk_of_foam.STL,handAndAlignment/hand/obj15_sub5_grasp6_extreme0.stl,15,5,6,extreme0
handAndAlignment/transforms/obj15_sub5_grasp6_extreme1_object_transform.txt,sampleSTLs/Chunk_of_foam.STL,handAndAlignment/hand/obj15_sub5_grasp6_extreme1.stl,15,5,6,extreme1
handAndAlignment/transforms/obj15_sub5_grasp6_optimal0_object_transform.txt,sampleSTLs/Chunk_of_foam.STL,handAndAlignment/hand/obj15_sub5_grasp6_optimal0.stl,15,5,6,optimal0
handAndAlignment/transforms/obj15_sub5_grasp7_extreme0_object_transform.txt,sampleSTLs/Chunk_of_foam.STL,handAndAlignment/hand/obj15_sub5_grasp7_extreme0.stl,15,5,7,extreme0
handAndAlignment/transforms/obj15_sub5_grasp7_extreme1_object_transform.txt,sampleSTLs/Chunk_of_foam.STL,handAndAlignment/hand/obj15_sub5_grasp7_extreme1.stl,15,5,7,extreme1
handAndAlignment/transforms/obj15_sub5_grasp7_optimal0_object_transform.txt,sampleSTLs/Chunk_of_foam.STL,handAndAlignment/hand/obj15_sub5_grasp7_optimal0.stl,15,5,7,optimal0
handAndAlignment/transforms/obj15_sub5_grasp8_extreme0_object_transform.txt,sampleSTLs/Chunk_of_foam.STL,handAndAlignment/hand/obj15_sub5_grasp8_extreme0.stl,15,5,8,extreme0
handAndAlignment/transforms/obj15_sub5_grasp8_extreme1_object_transform.txt,sampleSTLs/Chunk_of_foam.STL,handAndAlignment/hand/obj15_sub5_grasp8_extreme1.stl,15,5,8,extreme1
handAndAlignment/transforms/obj15_sub5_grasp8_optimal0_object_transform.txt,sampleSTLs/Chunk_of_foam.STL,handAndAlignment/hand/obj15_sub5_grasp8_optimal0.stl,15,5,8,optimal0
handAndAlignment/transforms/obj15_sub6_grasp1_extreme0_object_transform.txt,sampleSTLs/Chunk_of_foam.STL,handAndAlignment/hand/obj15_sub6_grasp1_extreme0.stl,15,6,1,extreme0
handAndAlignment/transforms/obj15_sub6_grasp1_extreme1_object_transform.txt,sampleSTLs/Chunk_of_foam.STL,handAndAlignment/hand/obj15_sub6_grasp1_extreme1.stl,15,6,1,extreme1
handAndAlignment/transforms/obj15_sub6_grasp1_optimal0_object_transform.txt,sampleSTLs/Chunk_of_foam.STL,handAndAlignment/hand/obj15_sub6_grasp1_optimal0.stl,15,6,1,optimal0
handAndAlignment/transforms/obj15_sub6_grasp2_extreme0_object_transform.txt,sampleSTLs/Chunk_of_foam.STL,handAndAlignment/hand/obj15_sub6_grasp2_extreme0.stl,15,6,2,extreme0
handAndAlignment/transforms/obj15_sub6_grasp2_extreme1_object_transform.txt,sampleSTLs/Chunk_of_foam.STL,handAndAlignment/hand/obj15_sub6_grasp2_extreme1.stl,15,6,2,extreme1
handAndAlignment/transforms/obj15_sub6_grasp2_optimal0_object_transform.txt,sampleSTLs/Chunk_of_foam.STL,handAndAlignment/hand/obj15_sub6_grasp2_optimal0.stl,15,6,2,optimal0
handAndAlignment/transforms/obj15_sub6_grasp3_extreme0_object_transform.txt,sampleSTLs/Chunk_of_foam.STL,handAndAlignment/hand/obj15_sub6_grasp3_extreme0.stl,15,6,3,extreme0
handAndAlignment/transforms/obj15_sub6_grasp3_extreme1_object_transform.txt,sampleSTLs/Chunk_of_foam.STL,handAndAlignment/hand/obj15_sub6_grasp3_extreme1.stl,15,6,3,extreme1
handAndAlignment/transforms/obj15_sub6_grasp3_optimal0_object_transform.txt,sampleSTLs/Chunk_of_foam.STL,handAndAlignment/hand/obj15_sub6_grasp3_optimal0.stl,15,6,3,optimal0
handAndAlignment/transforms/obj15_sub6_grasp4_extreme0_object_transform.txt,sampleSTLs/Chunk_of_foam.STL,handAndAlignment/hand/obj15_sub6_grasp4_extreme0.stl,15,6,4,extreme0
handAndAlignment/transforms/obj15_sub6_grasp4_optimal0_object_transform.txt,sampleSTLs/Chunk_of_foam.STL,handAndAlignment/hand/obj15_sub6_grasp4_optimal0.stl,15,6,4,optimal0
handAndAlignment/transforms/obj17_sub11_grasp1_optimal0_object_transform.txt,sampleSTLs/Ball.STL,handAndAlignment/hand/obj17_sub11_grasp1_optimal0.stl,17,11,1,optimal0
handAndAlignment/transforms/obj17_sub11_grasp2_extreme0_object_transform.txt,sampleSTLs/Ball.STL,handAndAlignment/hand/obj17_sub11_grasp2_extreme0.stl,17,11,2,extreme0
handAndAlignment/transforms/obj17_sub11_grasp2_extreme1_object_transform.txt,sampleSTLs/Ball.STL,handAndAlignment/hand/obj17_sub11_grasp2_extreme1.stl,17,11,2,extreme1
handAndAlignment/transforms/obj17_sub11_grasp2_optimal0_object_transform.txt,sampleSTLs/Ball.STL,handAndAlignment/hand/obj17_sub11_grasp2_optimal0.stl,17,11,2,optimal0
handAndAlignment/transforms/obj17_sub11_grasp3_extreme0_object_transform.txt,sampleSTLs/Ball.STL,handAndAlignment/hand/obj17_sub11_grasp3_extreme0.stl,17,11,3,extreme0
handAndAlignment/transforms/obj17_sub11_grasp3_optimal0_object_transform.txt,sampleSTLs/Ball.STL,handAndAlignment/hand/obj17_sub11_grasp3_optimal0.stl,17,11,3,optimal0
handAndAlignment/transforms/obj17_sub11_grasp4_extreme0_object_transform.txt,sampleSTLs/Ball.STL,handAndAlignment/hand/obj17_sub11_grasp4_extreme0.stl,17,11,4,extreme0
handAndAlignment/transforms/obj17_sub11_grasp4_optimal0_object_transform.txt,sampleSTLs/Ball.STL,handAndAlignment/hand/obj17_sub11_grasp4_optimal0.stl,17,11,4,optimal0
handAndAlignment/transforms/obj17_sub11_grasp5_extreme0_object_transform.txt,sampleSTLs/Ball.STL,handAndAlignment/hand/obj17_sub11_grasp5_extreme0.stl,17,11,5,extreme0
handAndAlignment/transforms/obj17_sub11_grasp5_optimal0_object_transform.txt,sampleSTLs/Ball.STL,handAndAlignment/hand/obj17_sub11_grasp5_optimal0.stl,17,11,5,optimal0
handAndAlignment/transforms/obj17_sub11_grasp5_optimal1_object_transform.txt,sampleSTLs/Ball.STL,handAndAlignment/hand/obj17_sub11_grasp5_optimal1.stl,17,11,5,optimal1
handAndAlignment/transforms/obj17_sub11_grasp6_extreme0_object_transform.txt,sampleSTLs/Ball.STL,handAndAlignment/hand/obj17_sub11_grasp6_extreme0.stl,17,11,6,extreme0
handAndAlignment/transforms/obj17_sub11_grasp6_optimal0_object_transform.txt,sampleSTLs/Ball.STL,handAndAlignment/hand/obj17_sub11_grasp6_optimal0.stl,17,11,6,optimal0
handAndAlignment/transforms/obj17_sub15_grasp1_extreme0_object_transform.txt,sampleSTLs/Ball.STL,handAndAlignment/hand/obj17_sub15_grasp1_extreme0.stl,17,15,1,extreme0
handAndAlignment/transforms/obj17_sub15_grasp1_extreme1_object_transform.txt,sampleSTLs/Ball.STL,handAndAlignment/hand/obj17_sub15_grasp1_extreme1.stl,17,15,1,extreme1
handAndAlignment/transforms/obj17_sub15_grasp1_optimal0_object_transform.txt,sampleSTLs/Ball.STL,handAndAlignment/hand/obj17_sub15_grasp1_optimal0.stl,17,15,1,optimal0
handAndAlignment/transforms/obj17_sub15_grasp2_extreme0_object_transform.txt,sampleSTLs/Ball.STL,handAndAlignment/hand/obj17_sub15_grasp2_extreme0.stl,17,15,2,extreme0
handAndAlignment/transforms/obj17_sub15_grasp2_extreme1_object_transform.txt,sampleSTLs/Ball.STL,handAndAlignment/hand/obj17_sub15_grasp2_extreme1.stl,17,15,2,extreme1
handAndAlignment/transforms/obj17_sub15_grasp2_optimal0_object_transform.txt,sampleSTLs/Ball.STL,handAndAlignment/hand/obj17_sub15_grasp2_optimal0.stl,17,15,2,optimal0
handAndAlignment/transforms/obj17_sub15_grasp3_extreme0_object_transform.txt,sampleSTLs/Ball.STL,handAndAlignment/hand/obj17_sub15_grasp3_extreme0.stl,17,15,3,extreme0
handAndAlignment/transforms/obj17_sub15_grasp3_extreme1_object_transform.txt,sampleSTLs/Ball.STL,handAndAlignment/hand/obj17_sub15_grasp3_extreme1.stl,17,15,3,extreme1
handAndAlignment/transforms/obj17_sub15_grasp3_optimal0_object_transform.txt,sampleSTLs/Ball.STL,handAndAlignment/hand/obj17_sub15_grasp3_optimal0.stl,17,15,3,optimal0
handAndAlignment/transforms/obj17_sub15_grasp3_optimal1_object_transform.txt,sampleSTLs/Ball.STL,handAndAlignment/hand/obj17_sub15_grasp3_optimal1.stl,17,15,3,optimal1
handAndAlignment/transforms/obj17_sub15_grasp4_optimal0_object_transform.txt,sampleSTLs/Ball.STL,handAndAlignment/hand/obj17_sub15_grasp4_optimal0.stl,17,15,4,optimal0
handAndAlignment/transforms/obj17_sub15_grasp5_optimal0_object_transform.txt,sampleSTLs/Ball.STL,handAndAlignment/hand/obj17_sub15_grasp5_optimal0.stl,17,15,5,optimal0
handAndAlignment/transforms/obj17_sub15_grasp6_optimal0_object_transform.txt,sampleSTLs/Ball.STL,handAndAlignment/hand/obj17_sub15_grasp6_optimal0.stl,17,15,6,optimal0
handAndAlignment/transforms/obj17_sub15_grasp7_optimal0_object_transform.txt,sampleSTLs/Ball.STL,handAndAlignment/hand/obj17_sub15_grasp7_optimal0.stl,17,15,7,optimal0
handAndAlignment/transforms/obj17_sub9_grasp5_extreme0_object_transform.txt,sampleSTLs/Ball.STL,handAndAlignment/hand/obj17_sub9_grasp5_extreme0.stl,17,9,5,extreme0
handAndAlignment/transforms/obj17_sub9_grasp5_extreme1_object_transform.txt,sampleSTLs/Ball.STL,handAndAlignment/hand/obj17_sub9_grasp5_extreme1.stl,17,9,5,extreme1
handAndAlignment/transforms/obj17_sub9_grasp5_optimal0_object_transform.txt,sampleSTLs/Ball.STL,handAndAlignment/hand/obj17_sub9_grasp5_optimal0.stl,17,9,5,optimal0
handAndAlignment/transforms/obj17_sub9_grasp6_optimal0_object_transform.txt,sampleSTLs/Ball.STL,handAndAlignment/hand/obj17_sub9_grasp6_optimal0.stl,17,9,6,optimal0
handAndAlignment/transforms/obj17_sub9_grasp7_extreme0_object_transform.txt,sampleSTLs/Ball.STL,handAndAlignment/hand/obj17_sub9_grasp7_extreme0.stl,17,9,7,extreme0
handAndAlignment/transforms/obj17_sub9_grasp7_extreme1_object_transform.txt,sampleSTLs/Ball.STL,handAndAlignment/hand/obj17_sub9_grasp7_extreme1.stl,17,9,7,extreme1
handAndAlignment/transforms/obj17_sub9_grasp7_optimal0_object_transform.txt,sampleSTLs/Ball.STL,handAndAlignment/hand/obj17_sub9_grasp7_optimal0.stl,17,9,7,optimal0
handAndAlignment/transforms/obj17_sub9_grasp8_extreme0_object_transform.txt,sampleSTLs/Ball.STL,handAndAlignment/hand/obj17_sub9_grasp8_extreme0.stl,17,9,8,extreme0
handAndAlignment/transforms/obj17_sub9_grasp8_optimal0_object_transform.txt,sampleSTLs/Ball.STL,handAndAlignment/hand/obj17_sub9_grasp8_optimal0.stl,17,9,8,optimal0
handAndAlignment/transforms/obj18_sub0_grasp3_extreme0_object_transform.txt,sampleSTLs/ThunderStick.STL,handAndAlignment/hand/obj18_sub0_grasp3_extreme0.stl,18,0,3,extreme0
handAndAlignment/transforms/obj18_sub0_grasp3_extreme1_object_transform.txt,sampleSTLs/ThunderStick.STL,handAndAlignment/hand/obj18_sub0_grasp3_extreme1.stl,18,0,3,extreme1
handAndAlignment/transforms/obj18_sub0_grasp3_optimal0_object_transform.txt,sampleSTLs/ThunderStick.STL,handAndAlignment/hand/obj18_sub0_grasp3_optimal0.stl,18,0,3,optimal0
handAndAlignment/transforms/obj18_sub0_grasp4_extreme0_object_transform.txt,sampleSTLs/ThunderStick.STL,handAndAlignment/hand/obj18_sub0_grasp4_extreme0.stl,18,0,4,extreme0
handAndAlignment/transforms/obj18_sub0_grasp4_extreme1_object_transform.txt,sampleSTLs/ThunderStick.STL,handAndAlignment/hand/obj18_sub0_grasp4_extreme1.stl,18,0,4,extreme1
handAndAlignment/transforms/obj18_sub0_grasp4_extreme2_object_transform.txt,sampleSTLs/ThunderStick.STL,handAndAlignment/hand/obj18_sub0_grasp4_extreme2.stl,18,0,4,extreme2
handAndAlignment/transforms/obj18_sub0_grasp4_optimal0_object_transform.txt,sampleSTLs/ThunderStick.STL,handAndAlignment/hand/obj18_sub0_grasp4_optimal0.stl,18,0,4,optimal0
handAndAlignment/transforms/obj18_sub0_grasp5_extreme0_object_transform.txt,sampleSTLs/ThunderStick.STL,handAndAlignment/hand/obj18_sub0_grasp5_extreme0.stl,18,0,5,extreme0
handAndAlignment/transforms/obj18_sub0_grasp5_extreme1_object_transform.txt,sampleSTLs/ThunderStick.STL,handAndAlignment/hand/obj18_sub0_grasp5_extreme1.stl,18,0,5,extreme1
handAndAlignment/transforms/obj18_sub0_grasp5_optimal0_object_transform.txt,sampleSTLs/ThunderStick.STL,handAndAlignment/hand/obj18_sub0_grasp5_optimal0.stl,18,0,5,optimal0
handAndAlignment/transforms/obj18_sub0_grasp6_extreme1_object_transform.txt,sampleSTLs/ThunderStick.STL,handAndAlignment/hand/obj18_sub0_grasp6_extreme1.stl,18,0,6,extreme1
handAndAlignment/transforms/obj18_sub0_grasp6_optimal0_object_transform.txt,sampleSTLs/ThunderStick.STL,handAndAlignment/hand/obj18_sub0_grasp6_optimal0.stl,18,0,6,optimal0
handAndAlignment/transforms/obj18_sub14_grasp1_extreme0_object_transform.txt,sampleSTLs/ThunderStick.STL,handAndAlignment/hand/obj18_sub14_grasp1_extreme0.stl,18,14,1,extreme0
handAndAlignment/transforms/obj18_sub14_grasp1_extreme1_object_transform.txt,sampleSTLs/ThunderStick.STL,handAndAlignment/hand/obj18_sub14_grasp1_extreme1.stl,18,14,1,extreme1
handAndAlignment/transforms/obj18_sub14_grasp1_optimal0_object_transform.txt,sampleSTLs/ThunderStick.STL,handAndAlignment/hand/obj18_sub14_grasp1_optimal0.stl,18,14,1,optimal0
handAndAlignment/transforms/obj18_sub14_grasp2_extreme0_object_transform.txt,sampleSTLs/ThunderStick.STL,handAndAlignment/hand/obj18_sub14_grasp2_extreme0.stl,18,14,2,extreme0
handAndAlignment/transforms/obj18_sub14_grasp2_extreme1_object_transform.txt,sampleSTLs/ThunderStick.STL,handAndAlignment/hand/obj18_sub14_grasp2_extreme1.stl,18,14,2,extreme1
handAndAlignment/transforms/obj18_sub14_grasp2_extreme2_object_transform.txt,sampleSTLs/ThunderStick.STL,handAndAlignment/hand/obj18_sub14_grasp2_extreme2.stl,18,14,2,extreme2
handAndAlignment/transforms/obj18_sub14_grasp2_extreme3_object_transform.txt,sampleSTLs/ThunderStick.STL,handAndAlignment/hand/obj18_sub14_grasp2_extreme3.stl,18,14,2,extreme3
handAndAlignment/transforms/obj18_sub14_grasp2_optimal0_object_transform.txt,sampleSTLs/ThunderStick.STL,handAndAlignment/hand/obj18_sub14_grasp2_optimal0.stl,18,14,2,optimal0
handAndAlignment/transforms/obj18_sub14_grasp2_optimal1_object_transform.txt,sampleSTLs/ThunderStick.STL,handAndAlignment/hand/obj18_sub14_grasp2_optimal1.stl,18,14,2,optimal1
handAndAlignment/transforms/obj18_sub14_grasp3_extreme0_object_transform.txt,sampleSTLs/ThunderStick.STL,handAndAlignment/hand/obj18_sub14_grasp3_extreme0.stl,18,14,3,extreme0
handAndAlignment/transforms/obj18_sub14_grasp3_extreme1_object_transform.txt,sampleSTLs/ThunderStick.STL,handAndAlignment/hand/obj18_sub14_grasp3_extreme1.stl,18,14,3,extreme1
handAndAlignment/transforms/obj18_sub14_grasp3_optimal0_object_transform.txt,sampleSTLs/ThunderStick.STL,handAndAlignment/hand/obj18_sub14_grasp3_optimal0.stl,18,14,3,optimal0
handAndAlignment/transforms/obj18_sub14_grasp4_extreme0_object_transform.txt,sampleSTLs/ThunderStick.STL,handAndAlignment/hand/obj18_sub14_grasp4_extreme0.stl,18,14,4,extreme0
handAndAlignment/transforms/obj18_sub14_grasp4_optimal0_object_transform.txt,sampleSTLs/ThunderStick.STL,handAndAlignment/hand/obj18_sub14_grasp4_optimal0.stl,18,14,4,optimal0
handAndAlignment/transforms/obj18_sub14_grasp5_optimal0_object_transform.txt,sampleSTLs/ThunderStick.STL,handAndAlignment/hand/obj18_sub14_grasp5_optimal0.stl,18,14,5,optimal0
handAndAlignment/transforms/obj19_sub11_grasp10_optimal0_object_transform.txt,sampleSTLs/SnowMan.STL,handAndAlignment/hand/obj19_sub11_grasp10_optimal0.stl,19,11,10,optimal0
handAndAlignment/transforms/obj19_sub11_grasp11_extreme0_object_transform.txt,sampleSTLs/SnowMan.STL,handAndAlignment/hand/obj19_sub11_grasp11_extreme0.stl,19,11,11,extreme0
handAndAlignment/transforms/obj19_sub11_grasp11_optimal0_object_transform.txt,sampleSTLs/SnowMan.STL,handAndAlignment/hand/obj19_sub11_grasp11_optimal0.stl,19,11,11,optimal0
handAndAlignment/transforms/obj19_sub11_grasp12_extreme0_object_transform.txt,sampleSTLs/SnowMan.STL,handAndAlignment/hand/obj19_sub11_grasp12_extreme0.stl,19,11,12,extreme0
handAndAlignment/transforms/obj19_sub11_grasp12_extreme1_object_transform.txt,sampleSTLs/SnowMan.STL,handAndAlignment/hand/obj19_sub11_grasp12_extreme1.stl,19,11,12,extreme1
handAndAlignment/transforms/obj19_sub11_grasp12_optimal0_object_transform.txt,sampleSTLs/SnowMan.STL,handAndAlignment/hand/obj19_sub11_grasp12_optimal0.stl,19,11,12,optimal0
handAndAlignment/transforms/obj19_sub11_grasp13_optimal0_object_transform.txt,sampleSTLs/SnowMan.STL,handAndAlignment/hand/obj19_sub11_grasp13_optimal0.stl,19,11,13,optimal0
handAndAlignment/transforms/obj19_sub11_grasp14_optimal0_object_transform.txt,sampleSTLs/SnowMan.STL,handAndAlignment/hand/obj19_sub11_grasp14_optimal0.stl,19,11,14,optimal0
handAndAlignment/transforms/obj19_sub11_grasp8_extreme0_object_transform.txt,sampleSTLs/SnowMan.STL,handAndAlignment/hand/obj19_sub11_grasp8_extreme0.stl,19,11,8,extreme0
handAndAlignment/transforms/obj19_sub11_grasp8_extreme1_object_transform.txt,sampleSTLs/SnowMan.STL,handAndAlignment/hand/obj19_sub11_grasp8_extreme1.stl,19,11,8,extreme1
handAndAlignment/transforms/obj19_sub11_grasp8_optimal0_object_transform.txt,sampleSTLs/SnowMan.STL,handAndAlignment/hand/obj19_sub11_grasp8_optimal0.stl,19,11,8,optimal0
handAndAlignment/transforms/obj19_sub11_grasp9_optimal0_object_transform.txt,sampleSTLs/SnowMan.STL,handAndAlignment/hand/obj19_sub11_grasp9_optimal0.stl,19,11,9,optimal0
handAndAlignment/transforms/obj19_sub9_grasp1_extreme0_object_transform.txt,sampleSTLs/SnowMan.STL,handAndAlignment/hand/obj19_sub9_grasp1_extreme0.stl,19,9,1,extreme0
handAndAlignment/transforms/obj19_sub9_grasp1_extreme1_object_transform.txt,sampleSTLs/SnowMan.STL,handAndAlignment/hand/obj19_sub9_grasp1_extreme1.stl,19,9,1,extreme1
handAndAlignment/transforms/obj19_sub9_grasp1_optimal0_object_transform.txt,sampleSTLs/SnowMan.STL,handAndAlignment/hand/obj19_sub9_grasp1_optimal0.stl,19,9,1,optimal0
handAndAlignment/transforms/obj19_sub9_grasp2_optimal0_object_transform.txt,sampleSTLs/SnowMan.STL,handAndAlignment/hand/obj19_sub9_grasp2_optimal0.stl,19,9,2,optimal0
handAndAlignment/transforms/obj19_sub9_grasp3_optimal0_object_transform.txt,sampleSTLs/SnowMan.STL,handAndAlignment/hand/obj19_sub9_grasp3_optimal0.stl,19,9,3,optimal0
handAndAlignment/transforms/obj19_sub9_grasp4_extreme0_object_transform.txt,sampleSTLs/SnowMan.STL,handAndAlignment/hand/obj19_sub9_grasp4_extreme0.stl,19,9,4,extreme0
handAndAlignment/transforms/obj19_sub9_grasp4_optimal0_object_transform.txt,sampleSTLs/SnowMan.STL,handAndAlignment/hand/obj19_sub9_grasp4_optimal0.stl,19,9,4,optimal0
handAndAlignment/transforms/obj19_sub9_grasp5_extreme0_object_transform.txt,sampleSTLs/SnowMan.STL,handAndAlignment/hand/obj19_sub9_grasp5_extreme0.stl,19,9,5,extreme0
handAndAlignment/transforms/obj19_sub9_grasp5_optimal0_object_transform.txt,sampleSTLs/SnowMan.STL,handAndAlignment/hand/obj19_sub9_grasp5_optimal0.stl,19,9,5,optimal0
handAndAlignment/transforms/obj19_sub9_grasp6_extreme0_object_transform.txt,sampleSTLs/SnowMan.STL,handAndAlignment/hand/obj19_sub9_grasp6_extreme0.stl,19,9,6,extreme0
handAndAlignment/transforms/obj19_sub9_grasp6_extreme1_object_transform.txt,sampleSTLs/SnowMan.STL,handAndAlignment/hand/obj19_sub9_grasp6_extreme1.stl,19,9,6,extreme1
handAndAlignment/transforms/obj19_sub9_grasp6_optimal0_object_transform.txt,sampleSTLs/SnowMan.STL,handAndAlignment/hand/obj19_sub9_grasp6_optimal0.stl,19,9,6,optimal0
handAndAlignment/transforms/obj19_sub9_grasp7_extreme0_object_transform.txt,sampleSTLs/SnowMan.STL,handAndAlignment/hand/obj19_sub9_grasp7_extreme0.stl,19,9,7,extreme0
handAndAlignment/transforms/obj19_sub9_grasp7_extreme1_object_transform.txt,sampleSTLs/SnowMan.STL,handAndAlignment/hand/obj19_sub9_grasp7_extreme1.stl,19,9,7,extreme1
handAndAlignment/transforms/obj19_sub9_grasp7_optimal0_object_transform.txt,sampleSTLs/SnowMan.STL,handAndAlignment/hand/obj19_sub9_grasp7_optimal0.stl,19,9,7,optimal0
handAndAlignment/transforms/obj19_sub9_grasp8_optimal0_object_transform.txt,sampleSTLs/SnowMan.STL,handAndAlignment/hand/obj19_sub9_grasp8_optimal0.stl,19,9,8,optimal0
handAndAlignment/transforms/obj1_sub7_grasp1_extreme0_object_transform.txt,sampleSTLs/PitcherAssm.STL,handAndAlignment/hand/obj1_sub7_grasp1_extreme0.stl,1,7,1,extreme0
handAndAlignment/transforms/obj1_sub7_grasp1_optimal0_object_transform.txt,sampleSTLs/PitcherAssm.STL,handAndAlignment/hand/obj1_sub7_grasp1_optimal0.stl,1,7,1,optimal0
handAndAlignment/transforms/obj1_sub7_grasp2_extreme0_object_transform.txt,sampleSTLs/PitcherAssm.STL,handAndAlignment/hand/obj1_sub7_grasp2_extreme0.stl,1,7,2,extreme0
handAndAlignment/transforms/obj1_sub7_grasp2_extreme1_object_transform.txt,sampleSTLs/PitcherAssm.STL,handAndAlignment/hand/obj1_sub7_grasp2_extreme1.stl,1,7,2,extreme1
handAndAlignment/transforms/obj1_sub7_grasp2_optimal0_object_transform.txt,sampleSTLs/PitcherAssm.STL,handAndAlignment/hand/obj1_sub7_grasp2_optimal0.stl,1,7,2,optimal0
handAndAlignment/transforms/obj1_sub7_grasp3_extreme0_object_transform.txt,sampleSTLs/PitcherAssm.STL,handAndAlignment/hand/obj1_sub7_grasp3_extreme0.stl,1,7,3,extreme0
handAndAlignment/transforms/obj1_sub7_grasp3_extreme1_object_transform.txt,sampleSTLs/PitcherAssm.STL,handAndAlignment/hand/obj1_sub7_grasp3_extreme1.stl,1,7,3,extreme1
handAndAlignment/transforms/obj1_sub7_grasp3_optimal0_object_transform.txt,sampleSTLs/PitcherAssm.STL,handAndAlignment/hand/obj1_sub7_grasp3_optimal0.stl,1,7,3,optimal0
handAndAlignment/transforms/obj1_sub7_grasp4_optimal0_object_transform.txt,sampleSTLs/PitcherAssm.STL,handAndAlignment/hand/obj1_sub7_grasp4_optimal0.stl,1,7,4,optimal0
handAndAlignment/transforms/obj1_sub7_grasp5_extreme0_object_transform.txt,sampleSTLs/PitcherAssm.STL,handAndAlignment/hand/obj1_sub7_grasp5_extreme0.stl,1,7,5,extreme0
handAndAlignment/transforms/obj1_sub7_grasp5_optimal0_object_transform.txt,sampleSTLs/PitcherAssm.STL,handAndAlignment/hand/obj1_sub7_grasp5_optimal0.stl,1,7,5,optimal0
handAndAlignment/transforms/obj1_sub8_grasp10_extreme0_object_transform.txt,sampleSTLs/PitcherAssm.STL,handAndAlignment/hand/obj1_sub8_grasp10_extreme0.stl,1,8,10,extreme0
handAndAlignment/transforms/obj1_sub8_grasp10_optimal0_object_transform.txt,sampleSTLs/PitcherAssm.STL,handAndAlignment/hand/obj1_sub8_grasp10_optimal0.stl,1,8,10,optimal0
handAndAlignment/transforms/obj1_sub8_grasp6_optimal0_object_transform.txt,sampleSTLs/PitcherAssm.STL,handAndAlignment/hand/obj1_sub8_grasp6_optimal0.stl,1,8,6,optimal0
handAndAlignment/transforms/obj1_sub8_grasp7_optimal0_object_transform.txt,sampleSTLs/PitcherAssm.STL,handAndAlignment/hand/obj1_sub8_grasp7_optimal0.stl,1,8,7,optimal0
handAndAlignment/transforms/obj1_sub8_grasp8_optimal0_object_transform.txt,sampleSTLs/PitcherAssm.STL,handAndAlignment/hand/obj1_sub8_grasp8_optimal0.stl,1,8,8,optimal0
handAndAlignment/transforms/obj1_sub8_grasp9_extreme0_object_transform.txt,sampleSTLs/PitcherAssm.STL,handAndAlignment/hand/obj1_sub8_grasp9_extreme0.stl,1,8,9,extreme0
handAndAlignment/transforms/obj1_sub8_grasp9_optimal0_object_transform.txt,sampleSTLs/PitcherAssm.STL,handAndAlignment/hand/obj1_sub8_grasp9_optimal0.stl,1,8,9,optimal0
handAndAlignment/transforms/obj1_sub8_grasp9_optimal1_object_transform.txt,sampleSTLs/PitcherAssm.STL,handAndAlignment/hand/obj1_sub8_grasp9_optimal1.stl,1,8,9,optimal1
handAndAlignment/transforms/obj22_sub14_grasp10_extreme0_object_transform.txt,sampleSTLs/TapeRoll.STL,handAndAlignment/hand/obj22_sub14_grasp10_extreme0.stl,22,14,10,extreme0
handAndAlignment/transforms/obj22_sub14_grasp10_optimal0_object_transform.txt,sampleSTLs/TapeRoll.STL,handAndAlignment/hand/obj22_sub14_grasp10_optimal0.stl,22,14,10,optimal0
handAndAlignment/transforms/obj22_sub14_grasp11_optimal0_object_transform.txt,sampleSTLs/TapeRoll.STL,handAndAlignment/hand/obj22_sub14_grasp11_optimal0.stl,22,14,11,optimal0
handAndAlignment/transforms/obj22_sub14_grasp1_extreme0_object_transform.txt,sampleSTLs/TapeRoll.STL,handAndAlignment/hand/obj22_sub14_grasp1_extreme0.stl,22,14,1,extreme0
handAndAlignment/transforms/obj22_sub14_grasp1_optimal0_object_transform.txt,sampleSTLs/TapeRoll.STL,handAndAlignment/hand/obj22_sub14_grasp1_optimal0.stl,22,14,1,optimal0
handAndAlignment/transforms/obj22_sub14_grasp2_optimal0_object_transform.txt,sampleSTLs/TapeRoll.STL,handAndAlignment/hand/obj22_sub14_grasp2_optimal0.stl,22,14,2,optimal0
handAndAlignment/transforms/obj22_sub14_grasp3_optimal0_object_transform.txt,sampleSTLs/TapeRoll.STL,handAndAlignment/hand/obj22_sub14_grasp3_optimal0.stl,22,14,3,optimal0
handAndAlignment/transforms/obj22_sub14_grasp4_optimal0_object_transform.txt,sampleSTLs/TapeRoll.STL,handAndAlignment/hand/obj22_sub14_grasp4_optimal0.stl,22,14,4,optimal0
handAndAlignment/transforms/obj22_sub14_grasp5_optimal0_object_transform.txt,sampleSTLs/TapeRoll.STL,handAndAlignment/hand/obj22_sub14_grasp5_optimal0.stl,22,14,5,optimal0
handAndAlignment/transforms/obj22_sub14_grasp6_optimal0_object_transform.txt,sampleSTLs/TapeRoll.STL,handAndAlignment/hand/obj22_sub14_grasp6_optimal0.stl,22,14,6,optimal0
handAndAlignment/transforms/obj22_sub14_grasp7_extreme0_object_transform.txt,sampleSTLs/TapeRoll.STL,handAndAlignment/hand/obj22_sub14_grasp7_extreme0.stl,22,14,7,extreme0
handAndAlignment/transforms/obj22_sub14_grasp7_optimal0_object_transform.txt,sampleSTLs/TapeRoll.STL,handAndAlignment/hand/obj22_sub14_grasp7_optimal0.stl,22,14,7,optimal0
handAndAlignment/transforms/obj22_sub14_grasp8_optimal0_object_transform.txt,sampleSTLs/TapeRoll.STL,handAndAlignment/hand/obj22_sub14_grasp8_optimal0.stl,22,14,8,optimal0
handAndAlignment/transforms/obj22_sub14_grasp9_optimal0_object_transform.txt,sampleSTLs/TapeRoll.STL,handAndAlignment/hand/obj22_sub14_grasp9_optimal0.stl,22,14,9,optimal0
handAndAlignment/transforms/obj2_sub4_grasp6_extreme0_object_transform.txt,sampleSTLs/SprayBottle.STL,handAndAlignment/hand/obj2_sub4_grasp6_extreme0.stl,2,4,6,extreme0
handAndAlignment/transforms/obj2_sub4_grasp6_extreme1_object_transform.txt,sampleSTLs/SprayBottle.STL,handAndAlignment/hand/obj2_sub4_grasp6_extreme1.stl,2,4,6,extreme1
handAndAlignment/transforms/obj2_sub4_grasp6_optimal0_object_transform.txt,sampleSTLs/SprayBottle.STL,handAndAlignment/hand/obj2_sub4_grasp6_optimal0.stl,2,4,6,optimal0
handAndAlignment/transforms/obj2_sub4_grasp6_optimal1_object_transform.txt,sampleSTLs/SprayBottle.STL,handAndAlignment/hand/obj2_sub4_grasp6_optimal1.stl,2,4,6,optimal1
handAndAlignment/transforms/obj2_sub4_grasp7_optimal0_object_transform.txt,sampleSTLs/SprayBottle.STL,handAndAlignment/hand/obj2_sub4_grasp7_optimal0.stl,2,4,7,optimal0
handAndAlignment/transforms/obj2_sub4_grasp8_optimal0_object_transform.txt,sampleSTLs/SprayBottle.STL,handAndAlignment/hand/obj2_sub4_grasp8_optimal0.stl,2,4,8,optimal0
handAndAlignment/transforms/obj2_sub5_grasp1_optimal0_object_transform.txt,sampleSTLs/SprayBottle.STL,handAndAlignment/hand/obj2_sub5_grasp1_optimal0.stl,2,5,1,optimal0
handAndAlignment/transforms/obj2_sub5_grasp2_extreme0_object_transform.txt,sampleSTLs/SprayBottle.STL,handAndAlignment/hand/obj2_sub5_grasp2_extreme0.stl,2,5,2,extreme0
handAndAlignment/transforms/obj2_sub5_grasp2_extreme1_object_transform.txt,sampleSTLs/SprayBottle.STL,handAndAlignment/hand/obj2_sub5_grasp2_extreme1.stl,2,5,2,extreme1
handAndAlignment/transforms/obj2_sub5_grasp2_optimal0_object_transform.txt,sampleSTLs/SprayBottle.STL,handAndAlignment/hand/obj2_sub5_grasp2_optimal0.stl,2,5,2,optimal0
handAndAlignment/transforms/obj2_sub5_grasp3_extreme0_object_transform.txt,sampleSTLs/SprayBottle.STL,handAndAlignment/hand/obj2_sub5_grasp3_extreme0.stl,2,5,3,extreme0
handAndAlignment/transforms/obj2_sub5_grasp4_extreme0_object_transform.txt,sampleSTLs/SprayBottle.STL,handAndAlignment/hand/obj2_sub5_grasp4_extreme0.stl,2,5,4,extreme0
handAndAlignment/transforms/obj2_sub5_grasp4_extreme1_object_transform.txt,sampleSTLs/SprayBottle.STL,handAndAlignment/hand/obj2_sub5_grasp4_extreme1.stl,2,5,4,extreme1
handAndAlignment/transforms/obj2_sub5_grasp4_optimal0_object_transform.txt,sampleSTLs/SprayBottle.STL,handAndAlignment/hand/obj2_sub5_grasp4_optimal0.stl,2,5,4,optimal0
handAndAlignment/transforms/obj2_sub6_grasp1_optimal0_object_transform.txt,sampleSTLs/SprayBottle.STL,handAndAlignment/hand/obj2_sub6_grasp1_optimal0.stl,2,6,1,optimal0
handAndAlignment/transforms/obj2_sub6_grasp2_optimal0_object_transform.txt,sampleSTLs/SprayBottle.STL,handAndAlignment/hand/obj2_sub6_grasp2_optimal0.stl,2,6,2,optimal0
handAndAlignment/transforms/obj2_sub6_grasp3_extreme0_object_transform.txt,sampleSTLs/SprayBottle.STL,handAndAlignment/hand/obj2_sub6_grasp3_extreme0.stl,2,6,3,extreme0
handAndAlignment/transforms/obj2_sub6_grasp3_extreme1_object_transform.txt,sampleSTLs/SprayBottle.STL,handAndAlignment/hand/obj2_sub6_grasp3_extreme1.stl,2,6,3,extreme1
handAndAlignment/transforms/obj2_sub6_grasp3_optimal0_object_transform.txt,sampleSTLs/SprayBottle.STL,handAndAlignment/hand/obj2_sub6_grasp3_optimal0.stl,2,6,3,optimal0
handAndAlignment/transforms/obj2_sub6_grasp4_optimal0_object_transform.txt,sampleSTLs/SprayBottle.STL,handAndAlignment/hand/obj2_sub6_grasp4_optimal0.stl,2,6,4,optimal0
handAndAlignment/transforms/obj2_sub6_grasp4_optimal1_object_transform.txt,sampleSTLs/SprayBottle.STL,handAndAlignment/hand/obj2_sub6_grasp4_optimal1.stl,2,6,4,optimal1
handAndAlignment/transforms/obj2_sub6_grasp5_optimal0_object_transform.txt,sampleSTLs/SprayBottle.STL,handAndAlignment/hand/obj2_sub6_grasp5_optimal0.stl,2,6,5,optimal0
handAndAlignment/transforms/obj2_sub6_grasp6_optimal0_object_transform.txt,sampleSTLs/SprayBottle.STL,handAndAlignment/hand/obj2_sub6_grasp6_optimal0.stl,2,6,6,optimal0
handAndAlignment/transforms/obj3_sub7_grasp10_optimal0_object_transform.txt,sampleSTLs/PringlesCan.STL,handAndAlignment/hand/obj3_sub7_grasp10_optimal0.stl,3,7,10,optimal0
handAndAlignment/transforms/obj3_sub7_grasp11_extreme0_object_transform.txt,sampleSTLs/PringlesCan.STL,handAndAlignment/hand/obj3_sub7_grasp11_extreme0.stl,3,7,11,extreme0
handAndAlignment/transforms/obj3_sub7_grasp11_optimal0_object_transform.txt,sampleSTLs/PringlesCan.STL,handAndAlignment/hand/obj3_sub7_grasp11_optimal0.stl,3,7,11,optimal0
handAndAlignment/transforms/obj3_sub7_grasp12_extreme0_object_transform.txt,sampleSTLs/PringlesCan.STL,handAndAlignment/hand/obj3_sub7_grasp12_extreme0.stl,3,7,12,extreme0
handAndAlignment/transforms/obj3_sub7_grasp12_extreme1_object_transform.txt,sampleSTLs/PringlesCan.STL,handAndAlignment/hand/obj3_sub7_grasp12_extreme1.stl,3,7,12,extreme1
handAndAlignment/transforms/obj3_sub7_grasp12_optimal0_object_transform.txt,sampleSTLs/PringlesCan.STL,handAndAlignment/hand/obj3_sub7_grasp12_optimal0.stl,3,7,12,optimal0
handAndAlignment/transforms/obj3_sub7_grasp7_extreme0_object_transform.txt,sampleSTLs/PringlesCan.STL,handAndAlignment/hand/obj3_sub7_grasp7_extreme0.stl,3,7,7,extreme0
handAndAlignment/transforms/obj3_sub7_grasp7_extreme1_object_transform.txt,sampleSTLs/PringlesCan.STL,handAndAlignment/hand/obj3_sub7_grasp7_extreme1.stl,3,7,7,extreme1
handAndAlignment/transforms/obj3_sub7_grasp7_optimal0_object_transform.txt,sampleSTLs/PringlesCan.STL,handAndAlignment/hand/obj3_sub7_grasp7_optimal0.stl,3,7,7,optimal0
handAndAlignment/transforms/obj3_sub7_grasp8_extreme0_object_transform.txt,sampleSTLs/PringlesCan.STL,handAndAlignment/hand/obj3_sub7_grasp8_extreme0.stl,3,7,8,extreme0
handAndAlignment/transforms/obj3_sub7_grasp8_extreme1_object_transform.txt,sampleSTLs/PringlesCan.STL,handAndAlignment/hand/obj3_sub7_grasp8_extreme1.stl,3,7,8,extreme1
handAndAlignment/transforms/obj3_sub7_grasp8_optimal0_object_transform.txt,sampleSTLs/PringlesCan.STL,handAndAlignment/hand/obj3_sub7_grasp8_optimal0.stl,3,7,8,optimal0
handAndAlignment/transforms/obj3_sub7_grasp9_extreme0_object_transform.txt,sampleSTLs/PringlesCan.STL,handAndAlignment/hand/obj3_sub7_grasp9_extreme0.stl,3,7,9,extreme0
handAndAlignment/transforms/obj3_sub7_grasp9_extreme1_object_transform.txt,sampleSTLs/PringlesCan.STL,handAndAlignment/hand/obj3_sub7_grasp9_extreme1.stl,3,7,9,extreme1
handAndAlignment/transforms/obj3_sub7_grasp9_optimal0_object_transform.txt,sampleSTLs/PringlesCan.STL,handAndAlignment/hand/obj3_sub7_grasp9_optimal0.stl,3,7,9,optimal0
handAndAlignment/transforms/obj4_sub4_grasp10_optimal0_object_transform.txt,sampleSTLs/WineGlass.STL,handAndAlignment/hand/obj4_sub4_grasp10_optimal0.stl,4,4,10,optimal0
handAndAlignment/transforms/obj4_sub4_grasp11_extreme0_object_transform.txt,sampleSTLs/WineGlass.STL,handAndAlignment/hand/obj4_sub4_grasp11_extreme0.stl,4,4,11,extreme0
handAndAlignment/transforms/obj4_sub4_grasp11_optimal0_object_transform.txt,sampleSTLs/WineGlass.STL,handAndAlignment/hand/obj4_sub4_grasp11_optimal0.stl,4,4,11,optimal0
handAndAlignment/transforms/obj4_sub4_grasp12_optimal0_object_transform.txt,sampleSTLs/WineGlass.STL,handAndAlignment/hand/obj4_sub4_grasp12_optimal0.stl,4,4,12,optimal0
handAndAlignment/transforms/obj4_sub4_grasp13_extreme0_object_transform.txt,sampleSTLs/WineGlass.STL,handAndAlignment/hand/obj4_sub4_grasp13_extreme0.stl,4,4,13,extreme0
handAndAlignment/transforms/obj4_sub4_grasp13_optimal0_object_transform.txt,sampleSTLs/WineGlass.STL,handAndAlignment/hand/obj4_sub4_grasp13_optimal0.stl,4,4,13,optimal0
handAndAlignment/transforms/obj4_sub4_grasp14_extreme0_object_transform.txt,sampleSTLs/WineGlass.STL,handAndAlignment/hand/obj4_sub4_grasp14_extreme0.stl,4,4,14,extreme0
handAndAlignment/transforms/obj4_sub4_grasp14_extreme1_object_transform.txt,sampleSTLs/WineGlass.STL,handAndAlignment/hand/obj4_sub4_grasp14_extreme1.stl,4,4,14,extreme1
handAndAlignment/transforms/obj4_sub4_grasp14_optimal0_object_transform.txt,sampleSTLs/WineGlass.STL,handAndAlignment/hand/obj4_sub4_grasp14_optimal0.stl,4,4,14,optimal0
handAndAlignment/transforms/obj4_sub4_grasp15_optimal0_object_transform.txt,sampleSTLs/WineGlass.STL,handAndAlignment/hand/obj4_sub4_grasp15_optimal0.stl,4,4,15,optimal0
handAndAlignment/transforms/obj4_sub4_grasp9_optimal0_object_transform.txt,sampleSTLs/WineGlass.STL,handAndAlignment/hand/obj4_sub4_grasp9_optimal0.stl,4,4,9,optimal0
handAndAlignment/transforms/obj4_sub5_grasp1_optimal0_object_transform.txt,sampleSTLs/WineGlass.STL,handAndAlignment/hand/obj4_sub5_grasp1_optimal0.stl,4,5,1,optimal0
handAndAlignment/transforms/obj4_sub5_grasp2_optimal0_object_transform.txt,sampleSTLs/WineGlass.STL,handAndAlignment/hand/obj4_sub5_grasp2_optimal0.stl,4,5,2,optimal0
handAndAlignment/transforms/obj4_sub5_grasp3_extreme0_object_transform.txt,sampleSTLs/WineGlass.STL,handAndAlignment/hand/obj4_sub5_grasp3_extreme0.stl,4,5,3,extreme0
handAndAlignment/transforms/obj4_sub5_grasp3_extreme1_object_transform.txt,sampleSTLs/WineGlass.STL,handAndAlignment/hand/obj4_sub5_grasp3_extreme1.stl,4,5,3,extreme1
handAndAlignment/transforms/obj4_sub5_grasp3_optimal0_object_transform.txt,sampleSTLs/WineGlass.STL,handAndAlignment/hand/obj4_sub5_grasp3_optimal0.stl,4,5,3,optimal0
handAndAlignment/transforms/obj4_sub5_grasp4_optimal0_object_transform.txt,sampleSTLs/WineGlass.STL,handAndAlignment/hand/obj4_sub5_grasp4_optimal0.stl,4,5,4,optimal0
handAndAlignment/transforms/obj4_sub6_grasp7_optimal0_object_transform.txt,sampleSTLs/WineGlass.STL,handAndAlignment/hand/obj4_sub6_grasp7_optimal0.stl,4,6,7,optimal0
handAndAlignment/transforms/obj4_sub6_grasp8_optimal0_object_transform.txt,sampleSTLs/WineGlass.STL,handAndAlignment/hand/obj4_sub6_grasp8_optimal0.stl,4,6,8,optimal0
handAndAlignment/transforms/obj4_sub6_grasp9_optimal0_object_transform.txt,sampleSTLs/WineGlass.STL,handAndAlignment/hand/obj4_sub6_grasp9_optimal0.stl,4,6,9,optimal0
handAndAlignment/transforms/obj5_sub4_grasp1_extreme0_object_transform.txt,sampleSTLs/CerealBox.STL,handAndAlignment/hand/obj5_sub4_grasp1_extreme0.stl,5,4,1,extreme0
handAndAlignment/transforms/obj5_sub4_grasp1_extreme1_object_transform.txt,sampleSTLs/CerealBox.STL,handAndAlignment/hand/obj5_sub4_grasp1_extreme1.stl,5,4,1,extreme1
handAndAlignment/transforms/obj5_sub4_grasp1_extreme2_object_transform.txt,sampleSTLs/CerealBox.STL,handAndAlignment/hand/obj5_sub4_grasp1_extreme2.stl,5,4,1,extreme2
handAndAlignment/transforms/obj5_sub4_grasp1_optimal0_object_transform.txt,sampleSTLs/CerealBox.STL,handAndAlignment/hand/obj5_sub4_grasp1_optimal0.stl,5,4,1,optimal0
handAndAlignment/transforms/obj5_sub4_grasp2_extreme0_object_transform.txt,sampleSTLs/CerealBox.STL,handAndAlignment/hand/obj5_sub4_grasp2_extreme0.stl,5,4,2,extreme0
handAndAlignment/transforms/obj5_sub4_grasp2_extreme1_object_transform.txt,sampleSTLs/CerealBox.STL,handAndAlignment/hand/obj5_sub4_grasp2_extreme1.stl,5,4,2,extreme1
handAndAlignment/transforms/obj5_sub4_grasp2_optimal0_object_transform.txt,sampleSTLs/CerealBox.STL,handAndAlignment/hand/obj5_sub4_grasp2_optimal0.stl,5,4,2,optimal0
handAndAlignment/transforms/obj5_sub4_grasp4_extreme0_object_transform.txt,sampleSTLs/CerealBox.STL,handAndAlignment/hand/obj5_sub4_grasp4_extreme0.stl,5,4,4,extreme0
handAndAlignment/transforms/obj5_sub4_grasp4_extreme1_object_transform.txt,sampleSTLs/CerealBox.STL,handAndAlignment/hand/obj5_sub4_grasp4_extreme1.stl,5,4,4,extreme1
handAndAlignment/transforms/obj5_sub4_grasp4_extreme2_object_transform.txt,sampleSTLs/CerealBox.STL,handAndAlignment/hand/obj5_sub4_grasp4_extreme2.stl,5,4,4,extreme2
handAndAlignment/transforms/obj5_sub4_grasp4_optimal0_object_transform.txt,sampleSTLs/CerealBox.STL,handAndAlignment/hand/obj5_sub4_grasp4_optimal0.stl,5,4,4,optimal0
handAndAlignment/transforms/obj5_sub4_grasp5_extreme0_object_transform.txt,sampleSTLs/CerealBox.STL,handAndAlignment/hand/obj5_sub4_grasp5_extreme0.stl,5,4,5,extreme0
handAndAlignment/transforms/obj5_sub4_grasp5_optimal0_object_transform.txt,sampleSTLs/CerealBox.STL,handAndAlignment/hand/obj5_sub4_grasp5_optimal0.stl,5,4,5,optimal0
handAndAlignment/transforms/obj5_sub5_grasp4_extreme0_object_transform.txt,sampleSTLs/CerealBox.STL,handAndAlignment/hand/obj5_sub5_grasp4_extreme0.stl,5,5,4,extreme0
handAndAlignment/transforms/obj5_sub5_grasp4_extreme1_object_transform.txt,sampleSTLs/CerealBox.STL,handAndAlignment/hand/obj5_sub5_grasp4_extreme1.stl,5,5,4,extreme1
handAndAlignment/transforms/obj5_sub5_grasp4_optimal0_object_transform.txt,sampleSTLs/CerealBox.STL,handAndAlignment/hand/obj5_sub5_grasp4_optimal0.stl,5,5,4,optimal0
handAndAlignment/transforms/obj5_sub5_grasp5_extreme0_object_transform.txt,sampleSTLs/CerealBox.STL,handAndAlignment/hand/obj5_sub5_grasp5_extreme0.stl,5,5,5,extreme0
handAndAlignment/transforms/obj5_sub5_grasp5_extreme1_object_transform.txt,sampleSTLs/CerealBox.STL,handAndAlignment/hand/obj5_sub5_grasp5_extreme1.stl,5,5,5,extreme1
handAndAlignment/transforms/obj5_sub5_grasp5_optimal0_object_transform.txt,sampleSTLs/CerealBox.STL,handAndAlignment/hand/obj5_sub5_grasp5_optimal0.stl,5,5,5,optimal0
handAndAlignment/transforms/obj5_sub5_grasp6_extreme0_object_transform.txt,sampleSTLs/CerealBox.STL,handAndAlignment/hand/obj5_sub5_grasp6_extreme0.stl,5,5,6,extreme0
handAndAlignment/transforms/obj5_sub5_grasp6_extreme1_object_transform.txt,sampleSTLs/CerealBox.STL,handAndAlignment/hand/obj5_sub5_grasp6_extreme1.stl,5,5,6,extreme1
handAndAlignment/transforms/obj5_sub5_grasp6_optimal0_object_transform.txt,sampleSTLs/CerealBox.STL,handAndAlignment/hand/obj5_sub5_grasp6_optimal0.stl,5,5,6,optimal0
handAndAlignment/transforms/obj5_sub6_grasp1_extreme0_object_transform.txt,sampleSTLs/CerealBox.STL,handAndAlignment/hand/obj5_sub6_grasp1_extreme0.stl,5,6,1,extreme0
handAndAlignment/transforms/obj5_sub6_grasp1_extreme1_object_transform.txt,sampleSTLs/CerealBox.STL,handAndAlignment/hand/obj5_sub6_grasp1_extreme1.stl,5,6,1,extreme1
handAndAlignment/transforms/obj5_sub6_grasp1_optimal0_object_transform.txt,sampleSTLs/CerealBox.STL,handAndAlignment/hand/obj5_sub6_grasp1_optimal0.stl,5,6,1,optimal0
handAndAlignment/transforms/obj5_sub6_grasp2_extreme0_object_transform.txt,sampleSTLs/CerealBox.STL,handAndAlignment/hand/obj5_sub6_grasp2_extreme0.stl,5,6,2,extreme0
handAndAlignment/transforms/obj5_sub6_grasp2_extreme1_object_transform.txt,sampleSTLs/CerealBox.STL,handAndAlignment/hand/obj5_sub6_grasp2_extreme1.stl,5,6,2,extreme1
handAndAlignment/transforms/obj5_sub6_grasp2_extreme2_object_transform.txt,sampleSTLs/CerealBox.STL,handAndAlignment/hand/obj5_sub6_grasp2_extreme2.stl,5,6,2,extreme2
handAndAlignment/transforms/obj5_sub6_grasp2_optimal0_object_transform.txt,sampleSTLs/CerealBox.STL,handAndAlignment/hand/obj5_sub6_grasp2_optimal0.stl,5,6,2,optimal0
handAndAlignment/transforms/obj5_sub6_grasp3_extreme0_object_transform.txt,sampleSTLs/CerealBox.STL,handAndAlignment/hand/obj5_sub6_grasp3_extreme0.stl,5,6,3,extreme0
handAndAlignment/transforms/obj5_sub6_grasp3_optimal0_object_transform.txt,sampleSTLs/CerealBox.STL,handAndAlignment/hand/obj5_sub6_grasp3_optimal0.stl,5,6,3,optimal0
handAndAlignment/transforms/obj5_sub6_grasp4_extreme0_object_transform.txt,sampleSTLs/CerealBox.STL,handAndAlignment/hand/obj5_sub6_grasp4_extreme0.stl,5,6,4,extreme0
handAndAlignment/transforms/obj5_sub6_grasp4_extreme1_object_transform.txt,sampleSTLs/CerealBox.STL,handAndAlignment/hand/obj5_sub6_grasp4_extreme1.stl,5,6,4,extreme1
handAndAlignment/transforms/obj5_sub6_grasp4_optimal0_object_transform.txt,sampleSTLs/CerealBox.STL,handAndAlignment/hand/obj5_sub6_grasp4_optimal0.stl,5,6,4,optimal0
handAndAlignment/transforms/obj6_sub7_grasp10_extreme0_object_transform.txt,sampleSTLs/CrackerBox.STL,handAndAlignment/hand/obj6_sub7_grasp10_extreme0.stl,6,7,10,extreme0
handAndAlignment/transforms/obj6_sub7_grasp10_extreme1_object_transform.txt,sampleSTLs/CrackerBox.STL,handAndAlignment/hand/obj6_sub7_grasp10_extreme1.stl,6,7,10,extreme1
handAndAlignment/transforms/obj6_sub7_grasp10_optimal0_object_transform.txt,sampleSTLs/CrackerBox.STL,handAndAlignment/hand/obj6_sub7_grasp10_optimal0.stl,6,7,10,optimal0
handAndAlignment/transforms/obj6_sub7_grasp6_extreme0_object_transform.txt,sampleSTLs/CrackerBox.STL,handAndAlignment/hand/obj6_sub7_grasp6_extreme0.stl,6,7,6,extreme0
handAndAlignment/transforms/obj6_sub7_grasp6_extreme1_object_transform.txt,sampleSTLs/CrackerBox.STL,handAndAlignment/hand/obj6_sub7_grasp6_extreme1.stl,6,7,6,extreme1
handAndAlignment/transforms/obj6_sub7_grasp6_optimal0_object_transform.txt,sampleSTLs/CrackerBox.STL,handAndAlignment/hand/obj6_sub7_grasp6_optimal0.stl,6,7,6,optimal0
handAndAlignment/transforms/obj6_sub7_grasp7_extreme0_object_transform.txt,sampleSTLs/CrackerBox.STL,handAndAlignment/hand/obj6_sub7_grasp7_extreme0.stl,6,7,7,extreme0
handAndAlignment/transforms/obj6_sub7_grasp7_extreme1_object_transform.txt,sampleSTLs/CrackerBox.STL,handAndAlignment/hand/obj6_sub7_grasp7_extreme1.stl,6,7,7,extreme1
handAndAlignment/transforms/obj6_sub7_grasp7_optimal0_object_transform.txt,sampleSTLs/CrackerBox.STL,handAndAlignment/hand/obj6_sub7_grasp7_optimal0.stl,6,7,7,optimal0
handAndAlignment/transforms/obj6_sub7_grasp8_optimal0_object_transform.txt,sampleSTLs/CrackerBox.STL,handAndAlignment/hand/obj6_sub7_grasp8_optimal0.stl,6,7,8,optimal0
handAndAlignment/transforms/obj6_sub7_grasp9_extreme0_object_transform.txt,sampleSTLs/CrackerBox.STL,handAndAlignment/hand/obj6_sub7_grasp9_extreme0.stl,6,7,9,extreme0
handAndAlignment/transforms/obj6_sub7_grasp9_extreme1_object_transform.txt,sampleSTLs/CrackerBox.STL,handAndAlignment/hand/obj6_sub7_grasp9_extreme1.stl,6,7,9,extreme1
handAndAlignment/transforms/obj6_sub7_grasp9_optimal0_object_transform.txt,sampleSTLs/CrackerBox.STL,handAndAlignment/hand/obj6_sub7_grasp9_optimal0.stl,6,7,9,optimal0
handAndAlignment/transforms/obj6_sub8_grasp1_extreme0_object_transform.txt,sampleSTLs/CrackerBox.STL,handAndAlignment/hand/obj6_sub8_grasp1_extreme0.stl,6,8,1,extreme0
handAndAlignment/transforms/obj6_sub8_grasp1_extreme1_object_transform.txt,sampleSTLs/CrackerBox.STL,handAndAlignment/hand/obj6_sub8_grasp1_extreme1.stl,6,8,1,extreme1
handAndAlignment/transforms/obj6_sub8_grasp1_optimal0_object_transform.txt,sampleSTLs/CrackerBox.STL,handAndAlignment/hand/obj6_sub8_grasp1_optimal0.stl,6,8,1,optimal0
handAndAlignment/transforms/obj6_sub8_grasp2_extreme0_object_transform.txt,sampleSTLs/CrackerBox.STL,handAndAlignment/hand/obj6_sub8_grasp2_extreme0.stl,6,8,2,extreme0
handAndAlignment/transforms/obj6_sub8_grasp2_optimal0_object_transform.txt,sampleSTLs/CrackerBox.STL,handAndAlignment/hand/obj6_sub8_grasp2_optimal0.stl,6,8,2,optimal0
handAndAlignment/transforms/obj6_sub8_grasp3_optimal0_object_transform.txt,sampleSTLs/CrackerBox.STL,handAndAlignment/hand/obj6_sub8_grasp3_optimal0.stl,6,8,3,optimal0
handAndAlignment/transforms/obj6_sub8_grasp3_optimal1_object_transform.txt,sampleSTLs/CrackerBox.STL,handAndAlignment/hand/obj6_sub8_grasp3_optimal1.stl,6,8,3,optimal1
handAndAlignment/transforms/obj6_sub8_grasp4_optimal0_object_transform.txt,sampleSTLs/CrackerBox.STL,handAndAlignment/hand/obj6_sub8_grasp4_optimal0.stl,6,8,4,optimal0
handAndAlignment/transforms/obj6_sub8_grasp5_optimal0_object_transform.txt,sampleSTLs/CrackerBox.STL,handAndAlignment/hand/obj6_sub8_grasp5_optimal0.stl,6,8,5,optimal0
handAndAlignment/transforms/obj6_sub8_grasp6_extreme0_object_transform.txt,sampleSTLs/CrackerBox.STL,handAndAlignment/hand/obj6_sub8_grasp6_extreme0.stl,6,8,6,extreme0
handAndAlignment/transforms/obj6_sub8_grasp6_extreme1_object_transform.txt,sampleSTLs/CrackerBox.STL,handAndAlignment/hand/obj6_sub8_grasp6_extreme1.stl,6,8,6,extreme1
handAndAlignment/transforms/obj6_sub8_grasp6_optimal0_object_transform.txt,sampleSTLs/CrackerBox.STL,handAndAlignment/hand/obj6_sub8_grasp6_optimal0.stl,6,8,6,optimal0
handAndAlignment/transforms/obj6_sub8_grasp7_optimal0_object_transform.txt,sampleSTLs/CrackerBox.STL,handAndAlignment/hand/obj6_sub8_grasp7_optimal0.stl,6,8,7,optimal0
handAndAlignment/transforms/obj6_sub8_grasp8_extreme0_object_transform.txt,sampleSTLs/CrackerBox.STL,handAndAlignment/hand/obj6_sub8_grasp8_extreme0.stl,6,8,8,extreme0
handAndAlignment/transforms/obj6_sub8_grasp8_extreme1_object_transform.txt,sampleSTLs/CrackerBox.STL,handAndAlignment/hand/obj6_sub8_grasp8_extreme1.stl,6,8,8,extreme1
handAndAlignment/transforms/obj6_sub8_grasp8_optimal0_object_transform.txt,sampleSTLs/CrackerBox.STL,handAndAlignment/hand/obj6_sub8_grasp8_optimal0.stl,6,8,8,optimal0
handAndAlignment/transforms/obj6_sub8_grasp9_extreme0_object_transform.txt,sampleSTLs/CrackerBox.STL,handAndAlignment/hand/obj6_sub8_grasp9_extreme0.stl,6,8,9,extreme0
handAndAlignment/transforms/obj6_sub8_grasp9_optimal0_object_transform.txt,sampleSTLs/CrackerBox.STL,handAndAlignment/hand/obj6_sub8_grasp9_optimal0.stl,6,8,9,optimal0
handAndAlignment/transforms/obj9_sub10_grasp1_extreme0_object_transform.txt,sampleSTLs/Remote.STL,handAndAlignment/hand/obj9_sub10_grasp1_extreme0.stl,9,10,1,extreme0
handAndAlignment/transforms/obj9_sub10_grasp1_extreme1_object_transform.txt,sampleSTLs/Remote.STL,handAndAlignment/hand/obj9_sub10_grasp1_extreme1.stl,9,10,1,extreme1
handAndAlignment/transforms/obj9_sub10_grasp1_extreme2_object_transform.txt,sampleSTLs/Remote.STL,handAndAlignment/hand/obj9_sub10_grasp1_extreme2.stl,9,10,1,extreme2
handAndAlignment/transforms/obj9_sub10_grasp1_optimal0_object_transform.txt,sampleSTLs/Remote.STL,handAndAlignment/hand/obj9_sub10_grasp1_optimal0.stl,9,10,1,optimal0
handAndAlignment/transforms/obj9_sub10_grasp2_optimal0_object_transform.txt,sampleSTLs/Remote.STL,handAndAlignment/hand/obj9_sub10_grasp2_optimal0.stl,9,10,2,optimal0
handAndAlignment/transforms/obj9_sub10_grasp3_extreme0_object_transform.txt,sampleSTLs/Remote.STL,handAndAlignment/hand/obj9_sub10_grasp3_extreme0.stl,9,10,3,extreme0
handAndAlignment/transforms/obj9_sub10_grasp3_extreme1_object_transform.txt,sampleSTLs/Remote.STL,handAndAlignment/hand/obj9_sub10_grasp3_extreme1.stl,9,10,3,extreme1
handAndAlignment/transforms/obj9_sub10_grasp3_optimal0_object_transform.txt,sampleSTLs/Remote.STL,handAndAlignment/hand/obj9_sub10_grasp3_optimal0.stl,9,10,3,optimal0
handAndAlignment/transforms/obj9_sub10_grasp4_extreme0_object_transform.txt,sampleSTLs/Remote.STL,handAndAlignment/hand/obj9_sub10_grasp4_extreme0.stl,9,10,4,extreme0
handAndAlignment/transforms/obj9_sub10_grasp4_extreme1_object_transform.txt,sampleSTLs/Remote.STL,handAndAlignment/hand/obj9_sub10_grasp4_extreme1.stl,9,10,4,extreme1
handAndAlignment/transforms/obj9_sub10_grasp4_optimal0_object_transform.txt,sampleSTLs/Remote.STL,handAndAlignment/hand/obj9_sub10_grasp4_optimal0.stl,9,10,4,optimal0
handAndAlignment/transforms/obj9_sub10_grasp5_optimal0_object_transform.txt,sampleSTLs/Remote.STL,handAndAlignment/hand/obj9_sub10_grasp5_optimal0.stl,9,10,5,optimal0
handAndAlignment/transforms/obj9_sub10_grasp6_extreme0_object_transform.txt,sampleSTLs/Remote.STL,handAndAlignment/hand/obj9_sub10_grasp6_extreme0.stl,9,10,6,extreme0
handAndAlignment/transforms/obj9_sub10_grasp6_optimal0_object_transform.txt,sampleSTLs/Remote.STL,handAndAlignment/hand/obj9_sub10_grasp6_optimal0.stl,9,10,6,optimal0
handAndAlignment/transforms/obj9_sub12_grasp10_optimal0_object_transform.txt,sampleSTLs/Remote.STL,handAndAlignment/hand/obj9_sub12_grasp10_optimal0.stl,9,12,10,optimal0
handAndAlignment/transforms/obj9_sub12_grasp8_extreme0_object_transform.txt,sampleSTLs/Remote.STL,handAndAlignment/hand/obj9_sub12_grasp8_extreme0.stl,9,12,8,extreme0
handAndAlignment/transforms/obj9_sub12_grasp8_extreme1_object_transform.txt,sampleSTLs/Remote.STL,handAndAlignment/hand/obj9_sub12_grasp8_extreme1.stl,9,12,8,extreme1
handAndAlignment/transforms/obj9_sub12_grasp8_optimal0_object_transform.txt,sampleSTLs/Remote.STL,handAndAlignment/hand/obj9_sub12_grasp8_optimal0.stl,9,12,8,optimal0
handAndAlignment/transforms/obj9_sub12_grasp9_extreme0_object_transform.txt,sampleSTLs/Remote.STL,handAndAlignment/hand/obj9_sub12_grasp9_extreme0.stl,9,12,9,extreme0
handAndAlignment/transforms/obj9_sub12_grasp9_extreme1_object_transform.txt,sampleSTLs/Remote.STL,handAndAlignment/hand/obj9_sub12_grasp9_extreme1.stl,9,12,9,extreme1
handAndAlignment/transforms/obj9_sub12_grasp9_extreme2_object_transform.txt,sampleSTLs/Remote.STL,handAndAlignment/hand/obj9_sub12_grasp9_extreme2.stl,9,12,9,extreme2
handAndAlignment/transforms/obj9_sub12_grasp9_optimal0_object_transform.txt,sampleSTLs/Remote.STL,handAndAlignment/hand/obj9_sub12_grasp9_optimal0.stl,9,12,9,optimal0
handAndAlignment/transforms/obj9_sub12_grasp9_optimal1_object_transform.txt,sampleSTLs/Remote.STL,handAndAlignment/hand/obj9_sub12_grasp9_optimal1.stl,9,12,9,optimal1
handAndAlignment/transforms/obj9_sub12_grasp9_optimal2_object_transform.txt,sampleSTLs/Remote.STL,handAndAlignment/hand/obj9_sub12_grasp9_optimal2.stl,9,12,9,optimal2
